Quarter,Female_Place_of_birth_Foreign-born_mean,Female_Place_of_birth_Native-born_mean,Female_Place_of_birth_Status_unknown_mean,Male_Place_of_birth_Foreign-born_mean,Male_Place_of_birth_Native-born_mean,Male_Place_of_birth_Status_unknown_mean,Female_Place_of_birth_Foreign-born_p05,Female_Place_of_birth_Native-born_p05,Female_Place_of_birth_Status_unknown_p05,Male_Place_of_birth_Foreign-born_p05,Male_Place_of_birth_Native-born_p05,Male_Place_of_birth_Status_unknown_p05,Female_Place_of_birth_Foreign-born_p95,Female_Place_of_birth_Native-born_p95,Female_Place_of_birth_Status_unknown_p95,Male_Place_of_birth_Foreign-born_p95,Male_Place_of_birth_Native-born_p95,Male_Place_of_birth_Status_unknown_p95
1995Q2,0.0388679329681172,0.24033781847598057,0.001243129403246093,0.09972393037140562,0.6166376764870503,0.0031895122942002334,0.0388679329681172,0.24033781847598057,0.001243129403246093,0.09972393037140562,0.6166376764870503,0.0031895122942002334,0.0388679329681172,0.24033781847598057,0.001243129403246093,0.09972393037140562,0.6166376764870503,0.0031895122942002334
1995Q3,0.03865725793880889,0.23903512051689807,0.0012363912954162343,0.09993460540071392,0.6179403744461327,0.0031962504020300914,0.03865725793880889,0.23903512051689807,0.0012363912954162343,0.09993460540071392,0.6179403744461327,0.0031962504020300914,0.03865725793880889,0.23903512051689807,0.0012363912954162343,0.09993460540071392,0.6179403744461327,0.0031962504020300914
1995Q4,0.03844940143173562,0.2377498507417596,0.001229743333565246,0.10014246190778722,0.6192256442212714,0.0032028983638810807,0.03844940143173562,0.2377498507417596,0.001229743333565246,0.10014246190778722,0.6192256442212714,0.0032028983638810807,0.03844940143173562,0.2377498507417596,0.001229743333565246,0.10014246190778722,0.6192256442212714,0.0032028983638810807
1996Q1,0.03824430726121114,0.23648166172933058,0.0012231837206827577,0.1003475560783117,0.6204938332337003,0.0032094579767635695,0.03824430726121114,0.23648166172933058,0.0012231837206827577,0.1003475560783117,0.6204938332337003,0.0032094579767635695,0.03824430726121114,0.23648166172933058,0.0012231837206827577,0.1003475560783117,0.6204938332337003,0.0032094579767635695
1996Q2,0.038041920725065875,0.23523021523162352,0.0012167107072063351,0.10054994261445695,0.6217452797314073,0.003215930990239991,0.038041920725065875,0.23523021523162352,0.0012167107072063351,0.10054994261445695,0.6217452797314073,0.003215930990239991,0.038041920725065875,0.23523021523162352,0.0012167107072063351,0.10054994261445695,0.6217452797314073,0.003215930990239991
1996Q3,0.037940594236011774,0.23460366821784054,0.0012134699396055945,0.10065126910351105,0.6223718267451904,0.0032191717578407327,0.037940594236011774,0.23460366821784054,0.0012134699396055945,0.10065126910351105,0.6223718267451904,0.0032191717578407327,0.037940594236011774,0.23460366821784054,0.0012134699396055945,0.10065126910351105,0.6223718267451904,0.0032191717578407327
1996Q4,0.037838758801582446,0.23397397416710786,0.0012102128941914405,0.10075310453794037,0.623001520795923,0.0032224288032548856,0.037838758801582446,0.23397397416710786,0.0012102128941914405,0.10075310453794037,0.623001520795923,0.0032224288032548856,0.037838758801582446,0.23397397416710786,0.0012102128941914405,0.10075310453794037,0.623001520795923,0.0032224288032548856
1997Q1,0.03773641057760708,0.2333411093091977,0.001206939448014147,0.10085545276191572,0.6236343856538331,0.0032257022494321793,0.03773641057760708,0.2333411093091977,0.001206939448014147,0.10085545276191572,0.6236343856538331,0.0032257022494321793,0.03773641057760708,0.2333411093091977,0.001206939448014147,0.10085545276191572,0.6236343856538331,0.0032257022494321793
1997Q2,0.03763354568110279,0.23270504963388952,0.0012036494768826425,0.10095831765842005,0.6242704453291414,0.003228992220563684,0.03763354568110279,0.23270504963388952,0.0012036494768826425,0.10095831765842005,0.6242704453291414,0.003228992220563684,0.03763354568110279,0.23270504963388952,0.0012036494768826425,0.10095831765842005,0.6242704453291414,0.003228992220563684
1997Q3,0.03747805674409991,0.23174359197296698,0.0011986764089907558,0.10111380659542292,0.6252319029900639,0.003233965288455571,0.03747805674409991,0.23174359197296698,0.0011986764089907558,0.10111380659542292,0.6252319029900639,0.003233965288455571,0.03747805674409991,0.23174359197296698,0.0011986764089907558,0.10111380659542292,0.6252319029900639,0.003233965288455571
1997Q4,0.037322622189613394,0.230782470583473,0.0011937050804377,0.10126924114990944,0.6261930243795579,0.0032389366170086273,0.037322622189613394,0.230782470583473,0.0011937050804377,0.10126924114990944,0.6261930243795579,0.0032389366170086273,0.037322622189613394,0.230782470583473,0.0011937050804377,0.10126924114990944,0.6261930243795579,0.0032389366170086273
1998Q1,0.03716724198911766,0.22982168528902122,0.0011887354903111307,0.10142462135040516,0.6271538096740096,0.0032439062071351952,0.03716724198911766,0.22982168528902122,0.0011887354903111307,0.10142462135040516,0.6271538096740096,0.0032439062071351952,0.03716724198911766,0.22982168528902122,0.0011887354903111307,0.10142462135040516,0.6271538096740096,0.0032439062071351952
1998Q2,0.03701191611410709,0.22886123591334856,0.0011837676376993398,0.10157994722541575,0.6281142590496823,0.0032488740597469866,0.03701191611410709,0.22886123591334856,0.0011837676376993398,0.10157994722541575,0.6281142590496823,0.0032488740597469866,0.03701191611410709,0.22886123591334856,0.0011837676376993398,0.10157994722541575,0.6281142590496823,0.0032488740597469866
1998Q3,0.0372091232912157,0.23008065611696396,0.001190074997563215,0.10138274004830712,0.6268948388460669,0.003242566699883112,0.0372091232912157,0.23008065611696396,0.001190074997563215,0.10138274004830712,0.6268948388460669,0.003242566699883112,0.0372091232912157,0.23008065611696396,0.001190074997563215,0.10138274004830712,0.6268948388460669,0.003242566699883112
1998Q4,0.03741117870012051,0.23133005510680185,0.0011965374204582146,0.10118068463940233,0.625645439856229,0.0032361042769881126,0.03741117870012051,0.23133005510680185,0.0011965374204582146,0.10118068463940233,0.625645439856229,0.0032361042769881126,0.03741117870012051,0.23133005510680185,0.0011965374204582146,0.10118068463940233,0.625645439856229,0.0032361042769881126
1999Q1,0.03761826335259485,0.23261055215963886,0.0012031606957598113,0.10097359998692797,0.6243649428033919,0.0032294810016865153,0.03761826335259485,0.23261055215963886,0.0012031606957598113,0.10097359998692797,0.6243649428033919,0.0032294810016865153,0.03761826335259485,0.23261055215963886,0.0012031606957598113,0.10097359998692797,0.6243649428033919,0.0032294810016865153
1999Q2,0.0378305673848854,0.2339233229729522,0.001209950904675335,0.10076129595463744,0.6230521719900787,0.0032226907927709924,0.0378305673848854,0.2339233229729522,0.001209950904675335,0.10076129595463744,0.6230521719900787,0.0032226907927709924,0.0378305673848854,0.2339233229729522,0.001209950904675335,0.10076129595463744,0.6230521719900787,0.0032226907927709924
1999Q3,0.037780501925219735,0.23361374583729874,0.001208349640078927,0.10081136141430308,0.6233617491257321,0.0032242920573673996,0.037780501925219735,0.23361374583729874,0.001208349640078927,0.10081136141430308,0.6233617491257321,0.0032242920573673996,0.037780501925219735,0.23361374583729874,0.001208349640078927,0.10081136141430308,0.6233617491257321,0.0032242920573673996
1999Q4,0.037375582538345754,0.23110994811335617,0.0011953989334853878,0.10121628080117707,0.6258655468496747,0.0032372427639609388,0.037375582538345754,0.23110994811335617,0.0011953989334853878,0.10121628080117707,0.6258655468496747,0.0032372427639609388,0.037375582538345754,0.23110994811335617,0.0011953989334853878,0.10121628080117707,0.6258655468496747,0.0032372427639609388
2000Q1,0.0369969052077696,0.228768416763808,0.001183287537585634,0.10159495813175325,0.628207078199223,0.0032493541598606936,0.0369969052077696,0.228768416763808,0.001183287537585634,0.10159495813175325,0.628207078199223,0.0032493541598606936,0.0369969052077696,0.228768416763808,0.001183287537585634,0.10159495813175325,0.628207078199223,0.0032493541598606936
2000Q2,0.0369500291620927,0.22847856120174334,0.0011817882813546258,0.10164183417743014,0.6284969337612875,0.0032508534160917016,0.0369500291620927,0.22847856120174334,0.0011817882813546258,0.10164183417743014,0.6284969337612875,0.0032508534160917016,0.0369500291620927,0.22847856120174334,0.0011817882813546258,0.10164183417743014,0.6284969337612875,0.0032508534160917016
2000Q3,0.036947151565206324,0.22846076773280088,0.0011816962459664027,0.10164471177431648,0.6285147272302299,0.003250945451479924,0.036947151565206324,0.22846076773280088,0.0011816962459664027,0.10164471177431648,0.6285147272302299,0.003250945451479924,0.036947151565206324,0.22846076773280088,0.0011816962459664027,0.10164471177431648,0.6285147272302299,0.003250945451479924
2000Q4,0.03724344443830156,0.23029287912416566,0.0011911727052064424,0.10134841890122126,0.6266826158388651,0.003241468992239884,0.03724344443830156,0.23029287912416566,0.0011911727052064424,0.10134841890122126,0.6266826158388651,0.003241468992239884,0.03724344443830156,0.23029287912416566,0.0011911727052064424,0.10134841890122126,0.6266826158388651,0.003241468992239884
2001Q1,0.03657109572080651,0.22613544620509496,0.0011696686941586073,0.10202076761871631,0.6308400487579358,0.0032629730032877184,0.03657109572080651,0.22613544620509496,0.0011696686941586073,0.10202076761871631,0.6308400487579358,0.0032629730032877184,0.03657109572080651,0.22613544620509496,0.0011696686941586073,0.10202076761871631,0.6308400487579358,0.0032629730032877184
2001Q2,0.03626890972680085,0.22426689501064653,0.0011600037527606244,0.10232295361272199,0.6327085999523844,0.0032726379446857026,0.03626890972680085,0.22426689501064653,0.0011600037527606244,0.10232295361272199,0.6327085999523844,0.0032726379446857026,0.03626890972680085,0.22426689501064653,0.0011600037527606244,0.10232295361272199,0.6327085999523844,0.0032726379446857026
2001Q3,0.036910947325566795,0.2282369007218723,0.0011805383105841694,0.10168091601395601,0.6287385942411585,0.0032521033868621574,0.036910947325566795,0.2282369007218723,0.0011805383105841694,0.10168091601395601,0.6287385942411585,0.0032521033868621574,0.036910947325566795,0.2282369007218723,0.0011805383105841694,0.10168091601395601,0.6287385942411585,0.0032521033868621574
2001Q4,0.03665218768887376,0.22663687412299308,0.0011722622925872707,0.10193967565064907,0.6303386208400378,0.003260379404859056,0.03665218768887376,0.22663687412299308,0.0011722622925872707,0.10193967565064907,0.6303386208400378,0.003260379404859056,0.03665218768887376,0.22663687412299308,0.0011722622925872707,0.10193967565064907,0.6303386208400378,0.003260379404859056
2002Q1,0.03649379590622258,0.22565746686873714,0.0011671963817654174,0.10209806743330024,0.6313180280942937,0.0032654453156809094,0.03649379590622258,0.22565746686873714,0.0011671963817654174,0.10209806743330024,0.6313180280942937,0.0032654453156809094,0.03649379590622258,0.22565746686873714,0.0011671963817654174,0.10209806743330024,0.6313180280942937,0.0032654453156809094
2002Q2,0.036030209232187464,0.22279090306140711,0.0011523692947186524,0.10256165410733535,0.6341845919016237,0.0032802724027276744,0.036030209232187464,0.22279090306140711,0.0011523692947186524,0.10256165410733535,0.6341845919016237,0.0032802724027276744,0.036030209232187464,0.22279090306140711,0.0011523692947186524,0.10256165410733535,0.6341845919016237,0.0032802724027276744
2002Q3,0.03550354033021434,0.21953427361668745,0.0011355246223159498,0.1030883230093085,0.6374412213463434,0.003297117075130377,0.03550354033021434,0.21953427361668745,0.0011355246223159498,0.1030883230093085,0.6374412213463434,0.003297117075130377,0.03550354033021434,0.21953427361668745,0.0011355246223159498,0.1030883230093085,0.6374412213463434,0.003297117075130377
2002Q4,0.035465645102058324,0.21929995046723835,0.0011343126033387097,0.10312621823746451,0.6376755444957926,0.0032983290941076167,0.035465645102058324,0.21929995046723835,0.0011343126033387097,0.10312621823746451,0.6376755444957926,0.0032983290941076167,0.035465645102058324,0.21929995046723835,0.0011343126033387097,0.10312621823746451,0.6376755444957926,0.0032983290941076167
2003Q1,0.03535641525784262,0.21862453347264782,0.0011308190594147784,0.10323544808168021,0.6383509614903831,0.003301822638031548,0.03535641525784262,0.21862453347264782,0.0011308190594147784,0.10323544808168021,0.6383509614903831,0.003301822638031548,0.03535641525784262,0.21862453347264782,0.0011308190594147784,0.10323544808168021,0.6383509614903831,0.003301822638031548
2003Q2,0.03540944119858988,0.21895241658730394,0.001132515010319391,0.10318242214093296,0.6380230783757269,0.0033001266871269352,0.03540944119858988,0.21895241658730394,0.001132515010319391,0.10318242214093296,0.6380230783757269,0.0033001266871269352,0.03540944119858988,0.21895241658730394,0.001132515010319391,0.10318242214093296,0.6380230783757269,0.0033001266871269352
2003Q3,0.03562991271582886,0.22031569061406453,0.0011395664433318663,0.10296195062369397,0.6366598043489664,0.0032930752541144603,0.03562991271582886,0.22031569061406453,0.0011395664433318663,0.10296195062369397,0.6366598043489664,0.0032930752541144603,0.03562991271582886,0.22031569061406453,0.0011395664433318663,0.10296195062369397,0.6366598043489664,0.0032930752541144603
2003Q4,0.03535314831455942,0.21860433250074604,0.001130714571397435,0.10323871502496339,0.6383711624622848,0.0033019271260488915,0.03535314831455942,0.21860433250074604,0.001130714571397435,0.10323871502496339,0.6383711624622848,0.0033019271260488915,0.03535314831455942,0.21860433250074604,0.001130714571397435,0.10323871502496339,0.6383711624622848,0.0033019271260488915
2004Q1,0.03455553333829678,0.2136723222614575,0.0011052041170525931,0.10403633000122606,0.6433031727015733,0.0033274375803937343,0.03455553333829678,0.2136723222614575,0.0011052041170525931,0.10403633000122606,0.6433031727015733,0.0033274375803937343,0.03455553333829678,0.2136723222614575,0.0011052041170525931,0.10403633000122606,0.6433031727015733,0.0033274375803937343
2004Q2,0.03486694749411397,0.21559793530892865,0.0011151642066205398,0.10372491584540883,0.6413775596541021,0.003317477490825786,0.03486694749411397,0.21559793530892865,0.0011151642066205398,0.10372491584540883,0.6413775596541021,0.003317477490825786,0.03486694749411397,0.21559793530892865,0.0011151642066205398,0.10372491584540883,0.6413775596541021,0.003317477490825786
2004Q3,0.034937631856888474,0.21603500834709422,0.001117424934243663,0.10365423148263435,0.6409404866159366,0.0033152167632026644,0.034937631856888474,0.21603500834709422,0.001117424934243663,0.10365423148263435,0.6409404866159366,0.0033152167632026644,0.034937631856888474,0.21603500834709422,0.001117424934243663,0.10365423148263435,0.6409404866159366,0.0033152167632026644
2004Q4,0.03443296139283987,0.21291440508583523,0.0011012838471083297,0.10415890194668294,0.6440610898771956,0.003331357850337997,0.03443296139283987,0.21291440508583523,0.0011012838471083297,0.10415890194668294,0.6440610898771956,0.003331357850337997,0.03443296139283987,0.21291440508583523,0.0011012838471083297,0.10415890194668294,0.6440610898771956,0.003331357850337997
2005Q1,0.034797259192650816,0.21516702136347424,0.0011129353364441358,0.10379460414687203,0.6418084735995566,0.003319706361002191,0.034797259192650816,0.21516702136347424,0.0011129353364441358,0.10379460414687203,0.6418084735995566,0.003319706361002191,0.034797259192650816,0.21516702136347424,0.0011129353364441358,0.10379460414687203,0.6418084735995566,0.003319706361002191
2005Q2,0.03507298281985461,0.21687194390511805,0.0011217539208650737,0.10351888051966823,0.6401035510579128,0.003310887776581253,0.03507298281985461,0.21687194390511805,0.0011217539208650737,0.10351888051966823,0.6401035510579128,0.003310887776581253,0.03507298281985461,0.21687194390511805,0.0011217539208650737,0.10351888051966823,0.6401035510579128,0.003310887776581253
2005Q3,0.03482934970884859,0.2153654513819439,0.0011139617008840334,0.10376251363067421,0.6416100435810868,0.003318679996562293,0.03482934970884859,0.2153654513819439,0.0011139617008840334,0.10376251363067421,0.6416100435810868,0.003318679996562293,0.03482934970884859,0.2153654513819439,0.0011139617008840334,0.10376251363067421,0.6416100435810868,0.003318679996562293
2005Q4,0.034789152581431344,0.21511689455952715,0.001112676059297191,0.1038027107580915,0.6418586004035038,0.0033199656381491366,0.034789152581431344,0.21511689455952715,0.001112676059297191,0.1038027107580915,0.6418586004035038,0.0033199656381491366,0.034789152581431344,0.21511689455952715,0.001112676059297191,0.1038027107580915,0.6418586004035038,0.0033199656381491366
2006Q1,0.03444327711159196,0.21297819178997823,0.0011016137790680984,0.10414858622793086,0.6439973031730525,0.0033310279183782284,0.03444327711159196,0.21297819178997823,0.0011016137790680984,0.10414858622793086,0.6439973031730525,0.0033310279183782284,0.03444327711159196,0.21297819178997823,0.0011016137790680984,0.10414858622793086,0.6439973031730525,0.0033310279183782284
2006Q2,0.0352091892150963,0.21771416898360926,0.001126110267135764,0.10338267412442652,0.6392613259794216,0.003306531430310563,0.0352091892150963,0.21771416898360926,0.001126110267135764,0.10338267412442652,0.6392613259794216,0.003306531430310563,0.0352091892150963,0.21771416898360926,0.001126110267135764,0.10338267412442652,0.6392613259794216,0.003306531430310563
2006Q3,0.03554700752409336,0.21980305072301634,0.001136914851810066,0.10304485581542948,0.6371724442400145,0.0032957268456362612,0.03554700752409336,0.21980305072301634,0.001136914851810066,0.10304485581542948,0.6371724442400145,0.0032957268456362612,0.03554700752409336,0.21980305072301634,0.001136914851810066,0.10304485581542948,0.6371724442400145,0.0032957268456362612
2006Q4,0.03527054064598734,0.21809353232852471,0.0011280724956837665,0.10332132269353549,0.6388819626345061,0.0033045692017625605,0.03527054064598734,0.21809353232852471,0.0011280724956837665,0.10332132269353549,0.6388819626345061,0.0033045692017625605,0.03527054064598734,0.21809353232852471,0.0011280724956837665,0.10332132269353549,0.6388819626345061,0.0033045692017625605
2007Q1,0.034885145827743734,0.21571046374742484,0.0011157462515582989,0.10370671751177908,0.641265031215606,0.0033168954458880277,0.034885145827743734,0.21571046374742484,0.0011157462515582989,0.10370671751177908,0.641265031215606,0.0033168954458880277,0.034885145827743734,0.21571046374742484,0.0011157462515582989,0.10370671751177908,0.641265031215606,0.0033168954458880277
2007Q2,0.03479614025779397,0.21516010248865955,0.0011128995490812725,0.10379572308172887,0.6418153924743712,0.003319742148365054,0.03479614025779397,0.21516010248865955,0.0011128995490812725,0.10379572308172887,0.6418153924743712,0.003319742148365054,0.03479614025779397,0.21516010248865955,0.0011128995490812725,0.10379572308172887,0.6418153924743712,0.003319742148365054
2007Q3,0.03646265832075144,0.22546492924727732,0.0011662004953086561,0.1021292050187714,0.6315105657157536,0.0032664412021376705,0.03646265832075144,0.22546492924727732,0.0011662004953086561,0.1021292050187714,0.6315105657157536,0.0032664412021376705,0.03646265832075144,0.22546492924727732,0.0011662004953086561,0.1021292050187714,0.6315105657157536,0.0032664412021376705
2007Q4,0.03658086651009887,0.22619586336659517,0.0011699811974108958,0.10201099682942394,0.6307796315964356,0.0032626605000354307,0.03658086651009887,0.22619586336659517,0.0011699811974108958,0.10201099682942394,0.6307796315964356,0.0032626605000354307,0.03658086651009887,0.22619586336659517,0.0011699811974108958,0.10201099682942394,0.6307796315964356,0.0032626605000354307
2008Q1,0.03649201795455321,0.22564647299813634,0.0011671395167914156,0.10209984538496963,0.6313290219648946,0.003265502180654912,0.03649201795455321,0.22564647299813634,0.0011671395167914156,0.10209984538496963,0.6313290219648946,0.003265502180654912,0.03649201795455321,0.22564647299813634,0.0011671395167914156,0.10209984538496963,0.6313290219648946,0.003265502180654912
2008Q2,0.035586498025910226,0.22004723816321217,0.001138177893093938,0.1030053653136126,0.6369282567998186,0.003294463804352389,0.035586498025910226,0.22004723816321217,0.001138177893093938,0.1030053653136126,0.6369282567998186,0.003294463804352389,0.035586498025910226,0.22004723816321217,0.001138177893093938,0.1030053653136126,0.6369282567998186,0.003294463804352389
2008Q3,0.03643341870195107,0.22528412760286481,0.0011652653123160265,0.10215844463757175,0.631691367360166,0.0032673763851303003,0.03643341870195107,0.22528412760286481,0.0011652653123160265,0.10215844463757175,0.631691367360166,0.0032673763851303003,0.03643341870195107,0.22528412760286481,0.0011652653123160265,0.10215844463757175,0.631691367360166,0.0032673763851303003
2008Q4,0.03607584158151022,0.22307306829250292,0.0011538287732874982,0.10251602175801261,0.6339024266705279,0.0032788129241588288,0.03607584158151022,0.22307306829250292,0.0011538287732874982,0.10251602175801261,0.6339024266705279,0.0032788129241588288,0.03607584158151022,0.22307306829250292,0.0011538287732874982,0.10251602175801261,0.6339024266705279,0.0032788129241588288
2009Q1,0.034592172009059646,0.2138988755543797,0.001106375947027666,0.10399969133046319,0.6430766194086511,0.0033262657504186605,0.034592172009059646,0.2138988755543797,0.001106375947027666,0.10399969133046319,0.6430766194086511,0.0033262657504186605,0.034592172009059646,0.2138988755543797,0.001106375947027666,0.10399969133046319,0.6430766194086511,0.0033262657504186605
2009Q2,0.033655956152929815,0.20810983406690373,0.0010764325626059917,0.104935907186593,0.6488656608961272,0.003356209134840335,0.033655956152929815,0.20810983406690373,0.0010764325626059917,0.104935907186593,0.6488656608961272,0.003356209134840335,0.033655956152929815,0.20810983406690373,0.0010764325626059917,0.104935907186593,0.6488656608961272,0.003356209134840335
2009Q3,0.03377730253844351,0.20886017305709978,0.001080313634952531,0.10481456080107933,0.6481153219059311,0.003352328062493796,0.03377730253844351,0.20886017305709978,0.001080313634952531,0.10481456080107933,0.6481153219059311,0.003352328062493796,0.03377730253844351,0.20886017305709978,0.001080313634952531,0.10481456080107933,0.6481153219059311,0.003352328062493796
2009Q4,0.03353635907104638,0.20737031180366589,0.001072607438971203,0.10505550426847643,0.6496051831593649,0.0033600342584751237,0.03353635907104638,0.20737031180366589,0.001072607438971203,0.10505550426847643,0.6496051831593649,0.0033600342584751237,0.03353635907104638,0.20737031180366589,0.001072607438971203,0.10505550426847643,0.6496051831593649,0.0033600342584751237
2010Q1,0.03254469536239781,0.20123841143752344,0.0010408906426248594,0.10604716797712503,0.6557370835255074,0.003391751054821467,0.03254469536239781,0.20123841143752344,0.0010408906426248594,0.10604716797712503,0.6557370835255074,0.003391751054821467,0.03254469536239781,0.20123841143752344,0.0010408906426248594,0.10604716797712503,0.6557370835255074,0.003391751054821467
2010Q2,0.032190757308661735,0.19904985410466144,0.001029570493393154,0.1064011060308611,0.6579256408583694,0.0034030712040531725,0.032190757308661735,0.19904985410466144,0.001029570493393154,0.1064011060308611,0.6579256408583694,0.0034030712040531725,0.032190757308661735,0.19904985410466144,0.001029570493393154,0.1064011060308611,0.6579256408583694,0.0034030712040531725
2010Q3,0.03241791464604841,0.20045446954853152,0.0010368357617957756,0.10617394869347441,0.6565210254144993,0.0033958059356505514,0.03241791464604841,0.20045446954853152,0.0010368357617957756,0.10617394869347441,0.6565210254144993,0.0033958059356505514,0.03241791464604841,0.20045446954853152,0.0010368357617957756,0.10617394869347441,0.6565210254144993,0.0033958059356505514
2010Q4,0.03283658064097665,0.20304326870010125,0.0010502261319207187,0.10575528269854616,0.6539322262629295,0.003382415565525608,0.03283658064097665,0.20304326870010125,0.0010502261319207187,0.10575528269854616,0.6539322262629295,0.003382415565525608,0.03283658064097665,0.20304326870010125,0.0010502261319207187,0.10575528269854616,0.6539322262629295,0.003382415565525608
2011Q1,0.03299921643796198,0.20404891859369398,0.0010554277808331697,0.10559264690156085,0.6529265763693368,0.003377213916613157,0.03299921643796198,0.20404891859369398,0.0010554277808331697,0.10559264690156085,0.6529265763693368,0.003377213916613157,0.03299921643796198,0.20404891859369398,0.0010554277808331697,0.10559264690156085,0.6529265763693368,0.003377213916613157
2011Q2,0.033718848921430095,0.2084987281918285,0.001078444088401263,0.10487301441809274,0.6484767667712025,0.0033541976090450645,0.033718848921430095,0.2084987281918285,0.001078444088401263,0.10487301441809274,0.6484767667712025,0.0033541976090450645,0.033718848921430095,0.2084987281918285,0.001078444088401263,0.10487301441809274,0.6484767667712025,0.0033541976090450645
2011Q3,0.03290306915672782,0.20345439693896203,0.001052352662008549,0.10568879418279502,0.6535210980240689,0.0033802890354377784,0.03290306915672782,0.20345439693896203,0.001052352662008549,0.10568879418279502,0.6535210980240689,0.0033802890354377784,0.03290306915672782,0.20345439693896203,0.001052352662008549,0.10568879418279502,0.6535210980240689,0.0033802890354377784
2011Q4,0.03305711041924116,0.20440690298084777,0.0010572794283200111,0.10553475292028168,0.6525685919821831,0.003375362269126316,0.03305711041924116,0.20440690298084777,0.0010572794283200111,0.10553475292028168,0.6525685919821831,0.003375362269126316,0.03305711041924116,0.20440690298084777,0.0010572794283200111,0.10553475292028168,0.6525685919821831,0.003375362269126316
2012Q1,0.03393322390704918,0.20982430463608587,0.0010853005334857534,0.10465863943247364,0.6471511903269449,0.003347341163960573,0.03393322390704918,0.20982430463608587,0.0010853005334857534,0.10465863943247364,0.6471511903269449,0.003347341163960573,0.03393322390704918,0.20982430463608587,0.0010853005334857534,0.10465863943247364,0.6471511903269449,0.003347341163960573
2012Q2,0.03405592614883456,0.21058302749219973,0.0010892249707521433,0.10453593719068828,0.6463924674708311,0.003343416726694184,0.03405592614883456,0.21058302749219973,0.0010892249707521433,0.10453593719068828,0.6463924674708311,0.003343416726694184,0.03405592614883456,0.21058302749219973,0.0010892249707521433,0.10453593719068828,0.6463924674708311,0.003343416726694184
2012Q3,0.03375289535219923,0.20870925250513997,0.0010795330096773038,0.10483896798732359,0.6482662424578908,0.0033531086877690228,0.03375289535219923,0.20870925250513997,0.0010795330096773038,0.10483896798732359,0.6482662424578908,0.0033531086877690228,0.03375289535219923,0.20870925250513997,0.0010795330096773038,0.10483896798732359,0.6482662424578908,0.0033531086877690228
2012Q4,0.03390033930435895,0.20962096442557093,0.0010842487714444885,0.10469152403516385,0.6473545305374598,0.0033483929260018377,0.03390033930435895,0.20962096442557093,0.0010842487714444885,0.10469152403516385,0.6473545305374598,0.0033483929260018377,0.03390033930435895,0.20962096442557093,0.0010842487714444885,0.10469152403516385,0.6473545305374598,0.0033483929260018377
2013Q1,0.03296326129147805,0.20382659183718704,0.0010542778123018139,0.10562860204804478,0.6531489031258438,0.0033783638851445125,0.03296326129147805,0.20382659183718704,0.0010542778123018139,0.10562860204804478,0.6531489031258438,0.0033783638851445125,0.03296326129147805,0.20382659183718704,0.0010542778123018139,0.10562860204804478,0.6531489031258438,0.0033783638851445125
2013Q2,0.03336082592283863,0.20628491181738215,0.0010669932886648206,0.10523103741668419,0.6506905831456486,0.003365648408781506,0.03336082592283863,0.20628491181738215,0.0010669932886648206,0.10523103741668419,0.6506905831456486,0.003365648408781506,0.03336082592283863,0.20628491181738215,0.0010669932886648206,0.10523103741668419,0.6506905831456486,0.003365648408781506
2013Q3,0.033438647551399144,0.20676611776300893,0.001069482290453298,0.1051532157881237,0.6502093772000219,0.0033631594069930284,0.033438647551399144,0.20676611776300893,0.001069482290453298,0.1051532157881237,0.6502093772000219,0.0033631594069930284,0.033438647551399144,0.20676611776300893,0.001069482290453298,0.1051532157881237,0.6502093772000219,0.0033631594069930284
2013Q4,0.03428352177986505,0.21199035310175562,0.0010965042572842168,0.10430834155965778,0.6449851418612752,0.0033361374401621098,0.03428352177986505,0.21199035310175562,0.0010965042572842168,0.10430834155965778,0.6449851418612752,0.0033361374401621098,0.03428352177986505,0.21199035310175562,0.0010965042572842168,0.10430834155965778,0.6449851418612752,0.0033361374401621098
2014Q1,0.03510567149962648,0.21707407263657583,0.001122799416621461,0.10348619183989632,0.639901422326455,0.0033098422808248663,0.03510567149962648,0.21707407263657583,0.001122799416621461,0.10348619183989632,0.639901422326455,0.0033098422808248663,0.03510567149962648,0.21707407263657583,0.001122799416621461,0.10348619183989632,0.639901422326455,0.0033098422808248663
2014Q2,0.035035475218070544,0.21664001762294496,0.0011205542995046769,0.10355638812145225,0.6403354773400859,0.003312087397941649,0.035035475218070544,0.21664001762294496,0.0011205542995046769,0.10355638812145225,0.6403354773400859,0.003312087397941649,0.035035475218070544,0.21664001762294496,0.0011205542995046769,0.10355638812145225,0.6403354773400859,0.003312087397941649
2014Q3,0.03506220381025384,0.21680529246638824,0.0011214091712797643,0.10352965952926899,0.6401702024966426,0.003311232526166562,0.03506220381025384,0.21680529246638824,0.0011214091712797643,0.10352965952926899,0.6401702024966426,0.003311232526166562,0.03506220381025384,0.21680529246638824,0.0011214091712797643,0.10352965952926899,0.6401702024966426,0.003311232526166562
2014Q4,0.03465246907972538,0.21427171931831696,0.0011083044535303316,0.10393939425979745,0.6427037756447138,0.0033243372439159956,0.03465246907972538,0.21427171931831696,0.0011083044535303316,0.10393939425979745,0.6427037756447138,0.0033243372439159956,0.03465246907972538,0.21427171931831696,0.0011083044535303316,0.10393939425979745,0.6427037756447138,0.0033243372439159956
2015Q1,0.03416840921432873,0.21127856060939781,0.0010928225638167852,0.10442345412519408,0.645696934353633,0.003339819133629542,0.03416840921432873,0.21127856060939781,0.0010928225638167852,0.10442345412519408,0.645696934353633,0.003339819133629542,0.03416840921432873,0.21127856060939781,0.0010928225638167852,0.10442345412519408,0.645696934353633,0.003339819133629542
2015Q2,0.034028410595355746,0.21041288651499157,0.0010883449292638512,0.10456345274416709,0.6465626084480393,0.0033442967681824765,0.034028410595355746,0.21041288651499157,0.0010883449292638512,0.10456345274416709,0.6465626084480393,0.0033442967681824765,0.034028410595355746,0.21041288651499157,0.0010883449292638512,0.10456345274416709,0.6465626084480393,0.0033442967681824765
2015Q3,0.03476701496629477,0.21498000778109858,0.0011119680226666711,0.10382484837322806,0.6419954871819322,0.0033206736747796554,0.03476701496629477,0.21498000778109858,0.0011119680226666711,0.10382484837322806,0.6419954871819322,0.0033206736747796554,0.03476701496629477,0.21498000778109858,0.0011119680226666711,0.10382484837322806,0.6419954871819322,0.0033206736747796554
2015Q4,0.03345959875102071,0.20689566840352366,0.0010701523814587604,0.1051322645885021,0.650079826559507,0.003362489315987566,0.03345959875102071,0.20689566840352366,0.0010701523814587604,0.1051322645885021,0.650079826559507,0.003362489315987566,0.03345959875102071,0.20689566840352366,0.0010701523814587604,0.1051322645885021,0.650079826559507,0.003362489315987566
2016Q1,0.03376994720748606,0.2088146917551244,0.0010800783863173307,0.10482191613203676,0.6481608032079064,0.0033525633111289956,0.03376994720748606,0.2088146917551244,0.0010800783863173307,0.10482191613203676,0.6481608032079064,0.0033525633111289956,0.03376994720748606,0.2088146917551244,0.0010800783863173307,0.10482191613203676,0.6481608032079064,0.0033525633111289956
2016Q2,0.033350152290023666,0.206218911970463,0.001066651909389452,0.10524171104949916,0.6507565829925679,0.0033659897880568743,0.033350152290023666,0.206218911970463,0.001066651909389452,0.10524171104949916,0.6507565829925679,0.0033659897880568743,0.033350152290023666,0.206218911970463,0.001066651909389452,0.10524171104949916,0.6507565829925679,0.0033659897880568743
2016Q3,0.03486075585179314,0.2155596496144105,0.001114966176727113,0.10373110748772968,0.6414158453486204,0.0033176755207192134,0.03486075585179314,0.2155596496144105,0.001114966176727113,0.10373110748772968,0.6414158453486204,0.0033176755207192134,0.03486075585179314,0.2155596496144105,0.001114966176727113,0.10373110748772968,0.6414158453486204,0.0033176755207192134
2016Q4,0.03500283545714667,0.2164381913786099,0.0011195103683403242,0.10358902788237617,0.6405373035844211,0.0033131313291060033,0.03500283545714667,0.2164381913786099,0.0011195103683403242,0.10358902788237617,0.6405373035844211,0.0033131313291060033,0.03500283545714667,0.2164381913786099,0.0011195103683403242,0.10358902788237617,0.6405373035844211,0.0033131313291060033
2017Q1,0.034425786918612075,0.21287004210193194,0.0011010543828897739,0.10416607642091073,0.6441054528610989,0.003331587314556553,0.034425786918612075,0.21287004210193194,0.0011010543828897739,0.10416607642091073,0.6441054528610989,0.003331587314556553,0.034425786918612075,0.21287004210193194,0.0011010543828897739,0.10416607642091073,0.6441054528610989,0.003331587314556553
2017Q2,0.034258395129382446,0.21183498378053262,0.001095700621082476,0.10433346821014038,0.6451405111824982,0.0033369410763638505,0.034258395129382446,0.21183498378053262,0.001095700621082476,0.10433346821014038,0.6451405111824982,0.0033369410763638505,0.034258395129382446,0.21183498378053262,0.001095700621082476,0.10433346821014038,0.6451405111824982,0.0033369410763638505
2017Q3,0.03601843723055155,0.22271811150867413,0.001151992785852573,0.10257342610897127,0.6342573834543567,0.0032806489115937538,0.03601843723055155,0.22271811150867413,0.001151992785852573,0.10257342610897127,0.6342573834543567,0.0032806489115937538,0.03601843723055155,0.22271811150867413,0.001151992785852573,0.10257342610897127,0.6342573834543567,0.0032806489115937538
2017Q4,0.03449259379077809,0.21328313888093364,0.0011031910951043546,0.10409926954874474,0.6436923560820972,0.003329450602341972,0.03449259379077809,0.21328313888093364,0.0011031910951043546,0.10409926954874474,0.6436923560820972,0.003329450602341972,0.03449259379077809,0.21328313888093364,0.0011031910951043546,0.10409926954874474,0.6436923560820972,0.003329450602341972
2018Q1,0.03438549024274042,0.2126208697268851,0.0010997655574029588,0.10420637309678238,0.6443546252361457,0.003332876140043367,0.03438549024274042,0.2126208697268851,0.0010997655574029588,0.10420637309678238,0.6443546252361457,0.003332876140043367,0.03438549024274042,0.2126208697268851,0.0010997655574029588,0.10420637309678238,0.6443546252361457,0.003332876140043367
2018Q2,0.035418027584232126,0.21900551005115096,0.0011327896322929406,0.1031738357552907,0.6379699849118798,0.0032998520651533864,0.035418027584232126,0.21900551005115096,0.0011327896322929406,0.1031738357552907,0.6379699849118798,0.0032998520651533864,0.035418027584232126,0.21900551005115096,0.0011327896322929406,0.1031738357552907,0.6379699849118798,0.0032998520651533864
2018Q3,0.03446247648152704,0.2130969100837989,0.0011022278405698944,0.10412938685799578,0.6438785848792319,0.0033304138568764326,0.03446247648152704,0.2130969100837989,0.0011022278405698944,0.10412938685799578,0.6438785848792319,0.0033304138568764326,0.03446247648152704,0.2130969100837989,0.0011022278405698944,0.10412938685799578,0.6438785848792319,0.0033304138568764326
2018Q4,0.03416659477853372,0.2112673411411257,0.0010927645319556893,0.10442526856098912,0.6457081538219052,0.0033398771654906375,0.03416659477853372,0.2112673411411257,0.0010927645319556893,0.10442526856098912,0.6457081538219052,0.0033398771654906375,0.03416659477853372,0.2112673411411257,0.0010927645319556893,0.10442526856098912,0.6457081538219052,0.0033398771654906375
2019Q1,0.03530706552066173,0.2183193819693212,0.00112924068607081,0.1032847978188611,0.6386561129937096,0.0033034010113755165,0.03530706552066173,0.2183193819693212,0.00112924068607081,0.1032847978188611,0.6386561129937096,0.0033034010113755165,0.03530706552066173,0.2183193819693212,0.00112924068607081,0.1032847978188611,0.6386561129937096,0.0033034010113755165
2019Q2,0.036568563714795776,0.22611978967914884,0.0011695877119483182,0.10202329962472706,0.6308557052838821,0.0032630539854980093,0.036568563714795776,0.22611978967914884,0.0011695877119483182,0.10202329962472706,0.6308557052838821,0.0032630539854980093,0.036568563714795776,0.22611978967914884,0.0011695877119483182,0.10202329962472706,0.6308557052838821,0.0032630539854980093
2019Q3,0.03622003255168464,0.22396466556998312,0.0011584404935673866,0.10237183078783817,0.6330108293930476,0.00327420120387894,0.03622003255168464,0.22396466556998312,0.0011584404935673866,0.10237183078783817,0.6330108293930476,0.00327420120387894,0.03622003255168464,0.22396466556998312,0.0011584404935673866,0.10237183078783817,0.6330108293930476,0.00327420120387894
2019Q4,0.03506858756240961,0.2168447660619629,0.0011216133455026226,0.10352327577711322,0.640130728901068,0.003311028351943705,0.03506858756240961,0.2168447660619629,0.0011216133455026226,0.10352327577711322,0.640130728901068,0.003311028351943705,0.03506858756240961,0.2168447660619629,0.0011216133455026226,0.10352327577711322,0.640130728901068,0.003311028351943705
2020Q1,0.03480193605741653,0.21519594051068028,0.0011130849185716453,0.1037899272821063,0.6417795544523507,0.003319556778874682,0.03480193605741653,0.21519594051068028,0.0011130849185716453,0.1037899272821063,0.6417795544523507,0.003319556778874682,0.03480193605741653,0.21519594051068028,0.0011130849185716453,0.1037899272821063,0.6417795544523507,0.003319556778874682
2020Q2,0.036267880060479145,0.2242605281231221,0.0011599708205107648,0.10232398327904368,0.6327149668399088,0.0032726708769355625,0.036267880060479145,0.2242605281231221,0.0011599708205107648,0.10232398327904368,0.6327149668399088,0.0032726708769355625,0.036267880060479145,0.2242605281231221,0.0011599708205107648,0.10232398327904368,0.6327149668399088,0.0032726708769355625
2020Q3,0.035888388295859955,0.22191396076352027,0.001147833376225399,0.10270347504366285,0.6350615341995105,0.003284808321220927,0.035888388295859955,0.22191396076352027,0.001147833376225399,0.10270347504366285,0.6350615341995105,0.003284808321220927,0.035888388295859955,0.22191396076352027,0.001147833376225399,0.10270347504366285,0.6350615341995105,0.003284808321220927
2020Q4,0.03744113131368769,0.23151526551684082,0.0011974954074615363,0.10115073202583515,0.6254602294461901,0.0032351462899847913,0.03744113131368769,0.23151526551684082,0.0011974954074615363,0.10115073202583515,0.6254602294461901,0.0032351462899847913,0.03744113131368769,0.23151526551684082,0.0011974954074615363,0.10115073202583515,0.6254602294461901,0.0032351462899847913
2021Q1,0.03868158713374919,0.23918555881373324,0.0012371694262628735,0.09991027620577364,0.6177899361492977,0.0031954722711834533,0.03868158713374919,0.23918555881373324,0.0012371694262628735,0.09991027620577364,0.6177899361492977,0.0031954722711834533,0.03868158713374919,0.23918555881373324,0.0012371694262628735,0.09991027620577364,0.6177899361492977,0.0031954722711834533
2021Q2,0.03748054910085647,0.23175900332983604,0.0011987561230823178,0.10111131423866634,0.6252164916331948,0.0032338855743640088,0.03748054910085647,0.23175900332983604,0.0011987561230823178,0.10111131423866634,0.6252164916331948,0.0032338855743640088,0.03748054910085647,0.23175900332983604,0.0011987561230823178,0.10111131423866634,0.6252164916331948,0.0032338855743640088
2021Q3,0.03702880742806685,0.228965682464484,0.0011843078796787648,0.10156305591145598,0.6280098124985469,0.0032483338177675624,0.03702880742806685,0.228965682464484,0.0011843078796787648,0.10156305591145598,0.6280098124985469,0.0032483338177675624,0.03702880742806685,0.228965682464484,0.0011843078796787648,0.10156305591145598,0.6280098124985469,0.0032483338177675624
2021Q4,0.036565949285899346,0.2261036234956257,0.0011695040935723036,0.10202591405362346,0.6308718714674052,0.003263137603874024,0.036565949285899346,0.2261036234956257,0.0011695040935723036,0.10202591405362346,0.6308718714674052,0.003263137603874024,0.036565949285899346,0.2261036234956257,0.0011695040935723036,0.10202591405362346,0.6308718714674052,0.003263137603874024
2022Q1,0.03786605095897284,0.23414273378635725,0.0012110857907089336,0.10072581238054999,0.6228327611766736,0.003221555906737393,0.03786605095897284,0.23414273378635725,0.0012110857907089336,0.10072581238054999,0.6228327611766736,0.003221555906737393,0.03786605095897284,0.23414273378635725,0.0012110857907089336,0.10072581238054999,0.6228327611766736,0.003221555906737393
2022Q2,0.03796706431234514,0.23476734454212742,0.0012143165431598188,0.1006247990271777,0.6222081504209034,0.0032183251542865082,0.03796706431234514,0.23476734454212742,0.0012143165431598188,0.1006247990271777,0.6222081504209034,0.0032183251542865082,0.03796706431234514,0.23476734454212742,0.0012143165431598188,0.1006247990271777,0.6222081504209034,0.0032183251542865082
2022Q3,0.03758846261659213,0.23242628087652878,0.0012022075663203388,0.10100340072293071,0.6245492140865022,0.0032304341311259876,0.03758846261659213,0.23242628087652878,0.0012022075663203388,0.10100340072293071,0.6245492140865022,0.0032304341311259876,0.03758846261659213,0.23242628087652878,0.0012022075663203388,0.10100340072293071,0.6245492140865022,0.0032304341311259876
2022Q4,0.03637718112327646,0.22493638549406492,0.0011634666422484644,0.10221468221624636,0.6320391094689658,0.003269175055197862,0.03637718112327646,0.22493638549406492,0.0011634666422484644,0.10221468221624636,0.6320391094689658,0.003269175055197862,0.03637718112327646,0.22493638549406492,0.0011634666422484644,0.10221468221624636,0.6320391094689658,0.003269175055197862
2023Q1,0.038064036260457935,0.23536696548111366,0.0012174180376511253,0.1005278270790649,0.6216085294819171,0.003215223659795202,0.038064036260457935,0.23536696548111366,0.0012174180376511253,0.1005278270790649,0.6216085294819171,0.003215223659795202,0.038064036260457935,0.23536696548111366,0.0012174180376511253,0.1005278270790649,0.6216085294819171,0.003215223659795202
2023Q2,0.03568697819558034,0.2206685520056134,0.0011413915925068327,0.1029048851439425,0.6363069429574175,0.0032912501049394936,0.03568697819558034,0.2206685520056134,0.0011413915925068327,0.1029048851439425,0.6363069429574175,0.0032912501049394936,0.03568697819558034,0.2206685520056134,0.0011413915925068327,0.1029048851439425,0.6363069429574175,0.0032912501049394936
2023Q3,0.03696670578348464,0.22858168021268166,0.0011823216567316012,0.1016251575560382,0.6283938147503493,0.0032503200407147255,0.03696670578348464,0.22858168021268166,0.0011823216567316012,0.1016251575560382,0.6283938147503493,0.0032503200407147255,0.03696670578348464,0.22858168021268166,0.0011823216567316012,0.1016251575560382,0.6283938147503493,0.0032503200407147255
2023Q4,0.036564552197791575,0.22609498467481895,0.001169459409917345,0.10202731114173126,0.630880510288212,0.0032631822875289823,0.036564552197791575,0.22609498467481895,0.001169459409917345,0.10202731114173126,0.630880510288212,0.0032631822875289823,0.036564552197791575,0.22609498467481895,0.001169459409917345,0.10202731114173126,0.630880510288212,0.0032631822875289823
2024Q1,0.037611860393706065,0.23257095980024106,0.0012029559072399547,0.10098000294581676,0.6244045351627898,0.003229685790206372,0.037611860393706065,0.23257095980024106,0.0012029559072399547,0.10098000294581676,0.6244045351627898,0.003229685790206372,0.037611860393706065,0.23257095980024106,0.0012029559072399547,0.10098000294581676,0.6244045351627898,0.003229685790206372
2024Q2,0.03859143877269937,0.23862813116632864,0.0012342861734187512,0.10000042456682344,0.6183473637967022,0.003198355524027575,0.03859143877269937,0.23862813116632864,0.0012342861734187512,0.10000042456682344,0.6183473637967022,0.003198355524027575,0.03859143877269937,0.23862813116632864,0.0012342861734187512,0.10000042456682344,0.6183473637967022,0.003198355524027575
2024Q3,0.04071904316962425,0.25178406101102285,0.0013023342372677485,0.09787282016989857,0.605191433952008,0.0031303074601785785,0.04071904316962425,0.25178406101102285,0.0013023342372677485,0.09787282016989857,0.605191433952008,0.0031303074601785785,0.04071904316962425,0.25178406101102285,0.0013023342372677485,0.09787282016989857,0.605191433952008,0.0031303074601785785
2024Q4,0.04036914391358965,0.249620477371247,0.0012911432625970002,0.09822271942593318,0.6073550175917838,0.003141498434849326,0.04036914391358965,0.249620477371247,0.0012911432625970002,0.09822271942593318,0.6073550175917838,0.003141498434849326,0.04036914391358965,0.249620477371247,0.0012911432625970002,0.09822271942593318,0.6073550175917838,0.003141498434849326
2025Q1,0.04006307689853196,0.24772792808732289,0.0012813541928748187,0.09852878644099086,0.6092475668757079,0.0031512875045715083,0.038764938258709865,0.23970095610941658,0.0012398352802540607,0.09719525202933284,0.6010017270049991,0.0031086365141333905,0.04139661131018998,0.25597376795803173,0.0013240051833129363,0.09982692508081295,0.6172745388536143,0.003192806417192266
2025Q2,0.03993128123702869,0.24691297654883285,0.0012771389169513633,0.09866058210249412,0.610062518414198,0.0031555027804949635,0.03837461239976219,0.2372873966975693,0.0012273513245854338,0.09704304044408686,0.6000605346762279,0.0031037682671574275,0.04154882289543596,0.256914960286803,0.0013288734302888995,0.10021725093976062,0.6196880982654616,0.003205290372860893
2025Q3,0.03987442477894394,0.24656140763176265,0.0012753204530040379,0.0987174385605789,0.6104140873312682,0.003157321244442289,0.03808244797837965,0.23548081337015192,0.0012180069073481974,0.0968292092046617,0.5987383204579514,0.0030969292129355316,0.04176265413486112,0.25823717450507944,0.0013357124845107956,0.10050941536114318,0.6214946815928789,0.00321463479009813
2025Q4,0.03984987744828857,0.24640962050421047,0.0012745353454313268,0.09874198589123424,0.6105658744588204,0.003158106352015,0.03788434329945521,0.23425584351128032,0.0012116708423072905,0.09674961067627687,0.5982461271457523,0.0030943833798146533,0.041842252663245955,0.2587293678172785,0.0013382583176316737,0.10070752004006761,0.6227196514517506,0.003220970855139036
2026Q1,0.03983927567209679,0.24634406497893993,0.0012741962643764773,0.09875258766742605,0.6106314299840909,0.00315844543306985,0.037780968575771734,0.23361663134643418,0.0012083645651592674,0.0965977318617704,0.5973069924873401,0.003089525775984832,0.041994131477752446,0.25966850247569084,0.0013431159214614952,0.1008108947637511,0.6233588636165968,0.0032242771322870596
2026Q2,0.03983469617447273,0.24631574789633143,0.0012740497963831003,0.0987571671650501,0.6106597470666993,0.0031585919010632263,0.038027208586658444,0.2351392434978589,0.0012162401627126547,0.09634771531124861,0.5957610283017841,0.0030815293917802293,0.04224414802827422,0.2612144666612467,0.0013511123056660973,0.10056465475286439,0.621836251465172,0.003216401534733672
2026Q3,0.039832717906700066,0.2463035153816455,0.001273986524615144,0.09875914543282277,0.6106719795813854,0.003158655172831183,0.03744602394425434,0.23154551884052443,0.00119765189051716,0.09616037045305083,0.594602591228249,0.003075537462598823,0.04243149288647201,0.2623729037347819,0.0013571042348475045,0.1011458393952685,0.6254299761225065,0.0032349898069291678
2026Q4,0.03983186330367187,0.24629823098878548,0.0012739591914880304,0.09876000003585095,0.6106772639742454,0.003158682505958296,0.037199223055095446,0.23001943852781426,0.0011897583541587336,0.09588864122541886,0.5929223678461927,0.0030668466327348387,0.042703222114103954,0.2640531271168381,0.0013657950647114876,0.10139264028442738,0.6269560564352166,0.003242883343287593
2027Q1,0.03983149411445127,0.2462959481266648,0.0012739473835543323,0.09876036922507156,0.610679546836366,0.003158694313891995,0.03708064895167382,0.22928624179807117,0.0011859659488731766,0.09583469333235398,0.5925887838878888,0.003065121194642539,0.04275717000716886,0.26438671107514206,0.001367520502803788,0.101511214387849,0.6276892531649597,0.0032466757485731506
2027Q2,0.039831334623569886,0.24629496192319134,0.0012739422824905745,0.09876052871595292,0.6106805330398396,0.003158699414955752,0.03705470254604007,0.2291258035640024,0.001185136094098591,0.09548646425306433,0.5904355276981393,0.003053983637935179,0.04310539908645848,0.26653996726489154,0.0013786580595111474,0.10153716079348274,0.6278496913990286,0.0032475056033477354
2027Q3,0.039831265722862504,0.24629453587929243,0.0012739400788103496,0.09876059761666031,0.6106809590837384,0.003158701618635977,0.03694187172371528,0.22842812011073935,0.001181527378581369,0.09536480780844381,0.5896832714737699,0.003050092648838172,0.043227055531079014,0.267292223489261,0.0013825490486081547,0.10164999161580754,0.6285473748522915,0.0032511143188649577
2027Q4,0.03983123595744864,0.24629435182642187,0.001273939126810633,0.09876062738207418,0.610681143136609,0.0031587025706356943,0.03654020859633005,0.22594445729601773,0.0011686808183008946,0.09522479047907297,0.588817481684603,0.003045614415862736,0.04336707286044984,0.26815801327842786,0.0013870272815835912,0.10205165474319276,0.6310310376670132,0.003263960879145433
2028Q1,0.03983122309865127,0.24629427231472495,0.001273938715542323,0.09876064024087154,0.6106812226483058,0.003158702981904003,0.036530685463337965,0.22588557150421987,0.0011683762359439374,0.09517623515193668,0.5885172423739893,0.003044061450468438,0.04341562818758613,0.26845825258904155,0.0013885802469778884,0.10206117787618485,0.631089923458811,0.003264265461502389
2028Q2,0.03983121754358995,0.24629423796529554,0.0012739385378724671,0.09876064579593288,0.6106812569977353,0.00315870315957386,0.03622862552910797,0.22401779979376163,0.0011587153263686355,0.09501520433396317,0.5875215167836703,0.0030389111342729288,0.04357665900555967,0.2694539781793606,0.0013937305631733982,0.10236323781041486,0.6329576951692693,0.0032739263710776915
2028Q3,0.03983121514377696,0.24629422312617819,0.0012739384611182413,0.09876064819574587,0.6106812718368527,0.0031587032363280857,0.03606337472182165,0.22299598012156127,0.0011534300404848633,0.094953268325697,0.5871385387353133,0.0030369302089415383,0.04363859501382582,0.26983695622771753,0.0013957114885047887,0.10252848861770118,0.6339795148414696,0.0032792116569614637
2028Q4,0.039831214107046285,0.24629421671560858,0.0012739384279600494,0.09876064923247654,0.6106812782474222,0.003158703269486277,0.03615175107117014,0.22354245062784492,0.001156256618335473,0.09487571384683913,0.5866589846958167,0.003034449751514055,0.04371614949268371,0.2703165102672142,0.0013981919459322715,0.10244011226835269,0.6334330443351859,0.0032763850791108534
2029Q1,0.03983121365917365,0.24629421394621176,0.001273938413635551,0.09876064968034916,0.6106812810168191,0.0031587032838107753,0.03615782216261109,0.22357999090234015,0.0011564507925995436,0.09513135505623428,0.5882397286635752,0.003042626031542664,0.04346050828328854,0.26873576629945567,0.0013900156659036626,0.10243404117691172,0.6333955040606907,0.003276190904846783
2029Q2,0.039831213465690546,0.24629421274981914,0.0012739384074473,0.09876064987383226,0.6106812822132116,0.0031587032899990266,0.03596987788609217,0.22241784735715456,0.0011504396919705462,0.09469268733173505,0.5855272498695923,0.0030285959377111408,0.043899176007787755,0.27144824509343846,0.001404045759735186,0.10262198545343064,0.6345576476058762,0.00328220200547578
2029Q3,0.039831213382104914,0.2462942122329718,0.0012739384047739455,0.0987606499574179,0.6106812827300591,0.003158703292672381,0.035751005591762204,0.22106446204110894,0.001143439407575163,0.0944683148853984,0.5841398546530033,0.0030214197396470927,0.0441235484541244,0.2728356403100275,0.0014112219577992339,0.1028408577477606,0.6359110329219219,0.0032892022898711633
2029Q4,0.039831213345995514,0.24629421200969123,0.0012739384036190432,0.09876064999352731,0.6106812829533396,0.0031587032938272834,0.035949588255652976,0.22229238749487068,0.0011497907602097384,0.09460396456086574,0.5849786372840615,0.0030257582801157244,0.043987898778657074,0.27199685767896925,0.001406883417330602,0.10264227508386985,0.6346831074681601,0.003282850937236588
2030Q1,0.03983121333039608,0.24629421191323295,0.0012739384031201203,0.09876065000912673,0.610681283049798,0.0031587032943262063,0.036045916185898266,0.2228880261832581,0.0011528716568074554,0.09456538715370245,0.5847400959166138,0.003024524442721155,0.04402647618582037,0.2722353990464171,0.001408117254725172,0.10254594715362456,0.6340874687797727,0.0032797700406388716
2030Q2,0.03983121332365704,0.24629421187156247,0.0012739384029045828,0.09876065001586576,0.6106812830914683,0.0031587032945417435,0.035934476850213275,0.2221989469144194,0.0011493074457910924,0.09469052480562898,0.5855138780031965,0.0030285267727316197,0.04390133853389383,0.27146161695983434,0.0014041149247147066,0.10265738648930953,0.6347765480486114,0.003283334251655234
2030Q3,0.03983121332074577,0.24629421185356068,0.00127393840281147,0.09876065001877705,0.61068128310947,0.003158703294634856,0.035671639240499195,0.22057370438392662,0.0011409010002725586,0.09427268441072821,0.5829301839059577,0.003015162808118652,0.04431917892879461,0.27404531105707297,0.001417478889327674,0.10292022409902363,0.6364017905791041,0.0032917406971737675
2030Q4,0.039831213319488065,0.24629421184578376,0.0012739384027712444,0.09876065002003477,0.610681283117247,0.003158703294675082,0.03575423113598575,0.2210844070241035,0.0011435425715090168,0.09432497476877034,0.5832535185836594,0.0030168352325730674,0.044266888570752484,0.27372197637937146,0.0014158064648732592,0.10283763220353709,0.6358910879389273,0.00328909912593731
2031Q1,0.039831213318944736,0.24629421184242414,0.001273938402753867,0.09876065002057807,0.6106812831206065,0.003158703294692459,0.03583468450680686,0.22158188620952987,0.0011461157454140975,0.09431549561490288,0.5831949047344647,0.0030165320568188996,0.044276367724619924,0.2737805902285661,0.0014161096406274261,0.10275717883271596,0.6353936087535008,0.0032865259520322284
2031Q2,0.03983121331871003,0.24629421184097283,0.0012739384027463602,0.0987606500208128,0.6106812831220579,0.0031587032946999664,0.03579029004328812,0.22130737538017192,0.0011446958586661512,0.09376430464751269,0.5797866443884645,0.0029989030849122003,0.044827558692010154,0.2771888505745664,0.0014337386125341262,0.10280157329623472,0.635668119582859,0.003287945838780175
2031Q3,0.039831213318608616,0.24629421184034578,0.0012739384027431167,0.0987606500209142,0.6106812831226851,0.00315870329470321,0.0352103608939038,0.21772141399786774,0.0011261477414305243,0.09400385852628601,0.5812679131937564,0.003006564837097712,0.0445880048132368,0.2757075817692745,0.0014260768603486143,0.10338150244561901,0.6392540809651631,0.0033064939560158023
2031Q4,0.03983121331856482,0.24629421184007494,0.0012739384027417161,0.098760650020958,0.6106812831229559,0.003158703294704611,0.03540793847417369,0.21894312456994214,0.0011324669480540716,0.09381944663941963,0.5801276119941308,0.00300066671436863,0.04477241670010319,0.2768478829689,0.001431974983077697,0.10318392486534914,0.6380323703930887,0.0033001747493922556
2032Q1,0.039831213318545895,0.24629421183995795,0.0012739384027411107,0.09876065002097692,0.6106812831230729,0.0031587032947052156,0.03504812033652006,0.21671820804755593,0.0011209587336320338,0.09385492277628461,0.5803469768198621,0.003001801362534423,0.04473694056323819,0.2766285181431687,0.0014308403349119034,0.10354374300300274,0.6402572869154749,0.0033116829638142925
2032Q2,0.03983121331853773,0.24629421183990743,0.0012739384027408496,0.09876065002098511,0.6106812831231235,0.0031587032947054776,0.034999723322491724,0.2164189476577157,0.0011194108316322725,0.09348020406448704,0.5780299233812489,0.002989816576799504,0.045111659275035805,0.27894557158178196,0.001442825120646823,0.10359214001703111,0.6405565473053152,0.003313230865814055
2032Q3,0.03983121331853419,0.24629421183988556,0.0012739384027407364,0.09876065002098862,0.6106812831231453,0.0031587032947055903,0.03477450563350612,0.21502632592767923,0.0011122075998180468,0.0934267038829007,0.5776991078233166,0.0029881054580512155,0.04516515945662212,0.2792763871397143,0.0014445362393951113,0.10381735770601669,0.6419491690353516,0.0033204340976282797
2032Q4,0.03983121331853267,0.24629421183987613,0.0012739384027406879,0.09876065002099015,0.6106812831231547,0.003158703294705639,0.034713527740173014,0.21464927233259962,0.00111025731827844,0.09347000071488416,0.5779668315058278,0.002989490238789368,0.04512186262463866,0.279008663457203,0.001443151458656959,0.10387833559934981,0.6423262226304312,0.0033223843791678866
2033Q1,0.039831213318532,0.24629421183987202,0.0012739384027406664,0.09876065002099083,0.6106812831231588,0.0031587032947056606,0.03465444439094084,0.21428393355128703,0.0011083676307374788,0.09295474678122778,0.5747807859170972,0.0029730106561063406,0.04563711655829504,0.2821947090459335,0.0014596310413399866,0.10393741894858198,0.6426915614117438,0.0033242740667088484
2033Q2,0.039831213318531726,0.24629421183987033,0.0012739384027406577,0.09876065002099109,0.6106812831231605,0.003158703294705669,0.03463007858385554,0.2141332688651795,0.0011075883289092493,0.09359007681523135,0.5787093157545328,0.0029933306830726065,0.04500178652429147,0.27826617920849805,0.0014393110143737203,0.10396178475566728,0.6428422260978514,0.0033250533685370777
2033Q3,0.03983121331853159,0.24629421183986946,0.0012739384027406532,0.09876065002099124,0.6106812831231615,0.003158703294705674,0.03465643972959599,0.2142962716228765,0.0011084314484906296,0.09319247757321528,0.5762507817611703,0.0029806140997424876,0.045399385766307566,0.2807247132018606,0.0014520275977038396,0.10393542360992684,0.6426792233401544,0.003324210248955698
2033Q4,0.03983121331853154,0.2462942118398692,0.0012739384027406517,0.09876065002099127,0.6106812831231616,0.003158703294705675,0.03474244038922776,0.21482805217679363,0.0011111820436605483,0.09291585966056264,0.5745403294525063,0.002971766913014932,0.04567600367896017,0.28243516551052444,0.0014608747844313947,0.10384942295029505,0.6421474427862373,0.0033214596537857782
2034Q1,0.03983121331853151,0.24629421183986902,0.001273938402740651,0.09876065002099133,0.6106812831231619,0.0031587032947056766,0.034623151337275636,0.21409043460042906,0.0011073667718762554,0.0931055386309259,0.5757131993858077,0.0029778334950847692,0.04548632470859694,0.28126229557722326,0.0014548082023615582,0.1039687120022472,0.6428850603626018,0.003325274925570072
2034Q2,0.03983121331853151,0.246294211839869,0.0012739384027406506,0.0987606500209913,0.6106812831231619,0.0031587032947056758,0.03454576595592523,0.2136119261664728,0.001104891722765282,0.09298774962393193,0.5749848572585172,0.0029740661998675657,0.045604113715590894,0.28199063770451366,0.0014585754975787607,0.10404609738359759,0.6433635687965581,0.0033277499746810447
2034Q3,0.0398312133185315,0.24629421183986888,0.0012739384027406501,0.09876065002099134,0.610681283123162,0.003158703294705677,0.034375041418198346,0.21255625997009295,0.0010994313682648775,0.09288622538466573,0.5743570874667022,0.0029708191075388454,0.0457056379548571,0.28261840749632866,0.0014618225899074818,0.10421682192132449,0.644419234992938,0.00333321032918145
2034Q4,0.03983121331853149,0.24629421183986888,0.0012739384027406501,0.09876065002099134,0.610681283123162,0.003158703294705676,0.034244488854267535,0.21174899506003683,0.0010952558508524988,0.0927195742700525,0.573326609067823,0.0029654890350384786,0.04587228906947033,0.283648885895208,0.0014671526624078482,0.10434737448525529,0.6452264999029941,0.003337385846593828
2035Q1,0.0398312133185315,0.24629421183986888,0.0012739384027406504,0.09876065002099134,0.6106812831231619,0.003158703294705676,0.03428768815173038,0.21201611564297163,0.0010966375121031673,0.09279347233382394,0.5737835538570144,0.0029678525478085706,0.0457983910056989,0.2831919411060165,0.0014647891496377564,0.10430417518779246,0.6449593793200592,0.0033360041853431593
2035Q2,0.0398312133185315,0.24629421183986888,0.0012739384027406501,0.09876065002099134,0.610681283123162,0.003158703294705676,0.03439001293117002,0.21264883553282865,0.0010999102084440408,0.09287059046412897,0.574260409758193,0.0029703190493172616,0.045721272875393855,0.2827150852048379,0.001462322648129065,0.10420185040835282,0.6443266594302023,0.0033327314890022855
2035Q3,0.03983121331853149,0.24629421183986888,0.0012739384027406501,0.09876065002099131,0.6106812831231618,0.0031587032947056758,0.033967492191232206,0.21003620076830937,0.0010863965503925866,0.0925516084820317,0.5722880014550993,0.002960116914787079,0.04604025485749111,0.2846874935079315,0.0014725247826592469,0.1046243711482906,0.6469392941947214,0.0033462451470537393
2035Q4,0.0398312133185315,0.24629421183986888,0.0012739384027406501,0.09876065002099131,0.6106812831231619,0.003158703294705676,0.03388324101124413,0.20951523802972036,0.0010837019095639303,0.09261055205531478,0.5726524759391851,0.0029620021318152324,0.045981311284208036,0.2843230190238457,0.0014706395656310942,0.10470862232827868,0.6474602569333104,0.0033489397878823965
2036Q1,0.0398312133185315,0.2462942118398689,0.0012739384027406501,0.09876065002099131,0.6106812831231619,0.003158703294705676,0.03380160439155,0.20901044228714427,0.001081090891313831,0.09239392531233886,0.5713129758717878,0.0029550736678307004,0.04619793802718396,0.28566251909124313,0.0014775680296156262,0.10479025894797281,0.6479650526758866,0.0033515508061324954
2036Q2,0.0398312133185315,0.24629421183986888,0.0012739384027406501,0.09876065002099134,0.6106812831231619,0.003158703294705677,0.033927324403963975,0.2097878253691603,0.0010851118472040369,0.09195384706191974,0.5685917751649938,0.002940998460557037,0.04663801627760309,0.28838371979803706,0.00149164323688929,0.10466453893555885,0.6471876695938705,0.0033475298502422903
2036Q3,0.0398312133185315,0.2462942118398689,0.0012739384027406501,0.09876065002099131,0.6106812831231619,0.003158703294705676,0.03313654788051621,0.20489810034304806,0.0010598201099639574,0.0918398812853955,0.5678870737821541,0.0029373534453235985,0.04675198205412732,0.2890884211808768,0.0014952882521227283,0.1054553154590066,0.6520773946199828,0.003372821587482369
2036Q4,0.03983121331853149,0.24629421183986885,0.0012739384027406501,0.09876065002099134,0.6106812831231619,0.003158703294705677,0.033409287418113325,0.20658457092361657,0.001068543252995331,0.09214500187157486,0.5697737708729051,0.0029471122450139852,0.04644686146794797,0.2872017240901257,0.001485529452432342,0.1051825759214095,0.6503909240394142,0.0033640984444509962
2037Q1,0.03983121331853149,0.24629421183986888,0.0012739384027406501,0.09876065002099131,0.6106812831231619,0.003158703294705676,0.03345682418941519,0.2068785120478192,0.0010700636414911432,0.09199535988315184,0.5688484675108897,0.0029423261825310266,0.046596503456370966,0.28812702745214114,0.0014903155149153,0.10513503915010762,0.6500969829152116,0.0033625780559551834
2037Q2,0.0398312133185315,0.2462942118398689,0.0012739384027406501,0.09876065002099131,0.6106812831231619,0.003158703294705676,0.03358498378982784,0.2076709801938664,0.001074162623747594,0.09206383112756002,0.56927185584808,0.002944516127061148,0.0465280322119628,0.28770363911495084,0.0014881255703851786,0.10500687954969498,0.6493045147691645,0.0033584790736987326
2037Q3,0.0398312133185315,0.2462942118398689,0.0012739384027406504,0.09876065002099134,0.6106812831231619,0.003158703294705676,0.03351809420618017,0.2072573719727697,0.0010720232661370025,0.09196669024307386,0.5686711902999175,0.0029414092294069516,0.04662517309644899,0.28830430466311335,0.0014912324680393754,0.10507376913334267,0.6497181229902612,0.0033606184313093243
2037Q4,0.03983121331853149,0.24629421183986888,0.0012739384027406501,0.09876065002099134,0.6106812831231619,0.003158703294705676,0.033781013571300145,0.20888312003351323,0.0010804323264729753,0.09215223440756672,0.5698184928786717,0.0029473435662462945,0.046439628931956106,0.2871570020843592,0.001485298131200032,0.10481084976822269,0.6480923749295177,0.0033522093709733515
2038Q1,0.0398312133185315,0.24629421183986888,0.0012739384027406501,0.09876065002099134,0.6106812831231619,0.003158703294705676,0.03389248169393947,0.20957237730496941,0.0010839974581945732,0.09213211894662564,0.5696941099843154,0.0029467002050216,0.046459744392897205,0.2872813849787154,0.0014859414924247266,0.10469938164558337,0.6474031176580615,0.0033486442392517534
2038Q2,0.03983121331853149,0.24629421183986888,0.0012739384027406501,0.09876065002099134,0.6106812831231619,0.003158703294705676,0.03344764924006494,0.20682177923125103,0.0010697701952376486,0.09173938435289648,0.5672656562876822,0.002934139209778115,0.04685247898662634,0.28970983867534855,0.0014985024876682114,0.10514421409945789,0.6501537157317798,0.003362871502208678
2038Q3,0.03983121331853149,0.24629421183986888,0.0012739384027406501,0.09876065002099131,0.610681283123162,0.003158703294705676,0.0338790865454525,0.20948954910908468,0.0010835690355419291,0.09117809145567116,0.5637949311900589,0.002916187143612252,0.047413771883851645,0.2931805637729721,0.0015164545538340745,0.1047127767940703,0.6474859458539463,0.0033490726619043974
2038Q4,0.0398312133185315,0.24629421183986888,0.0012739384027406501,0.09876065002099131,0.6106812831231619,0.003158703294705676,0.033789572286234526,0.20893604239699398,0.001080706063442668,0.0915452452465854,0.5660652073384173,0.0029279299773094583,0.04704661809293742,0.2909102876246136,0.0015047117201368683,0.1048022910532883,0.6480394525660368,0.0033519356340036585
2039Q1,0.0398312133185315,0.2462942118398689,0.0012739384027406501,0.09876065002099131,0.6106812831231619,0.003158703294705676,0.03352883884079618,0.20732381085558993,0.0010723669162927556,0.0918404816260762,0.5678907859571664,0.002937372646271402,0.04675138171344661,0.2890847090058645,0.0014952690511749246,0.10506302449872663,0.6496516841074409,0.003360274781153571
2039Q2,0.03983121331853149,0.24629421183986888,0.0012739384027406504,0.09876065002099134,0.6106812831231619,0.003158703294705677,0.03350855124656132,0.2071983635840684,0.0010717180496567253,0.09198144869223765,0.5687624483938075,0.002941881255076979,0.04661041464728517,0.28821304656922325,0.0014907604423693487,0.10508331209296151,0.6497771313789624,0.003360923647789602
2039Q3,0.0398312133185315,0.24629421183986888,0.0012739384027406501,0.09876065002099134,0.6106812831231619,0.003158703294705676,0.03365816428251733,0.2081234879200276,0.0010765031861407876,0.09178341890807207,0.5675379416427367,0.0029355475854265585,0.04680844443145077,0.2894375533202941,0.0014970941120197683,0.1049336990570055,0.6488520070430033,0.003356138511305539
2039Q4,0.0398312133185315,0.24629421183986888,0.0012739384027406504,0.09876065002099134,0.610681283123162,0.003158703294705676,0.033775420606719155,0.20884853623129992,0.0010802534443408165,0.09186610933413222,0.5680492535415315,0.002938192308007681,0.046725754005390606,0.2889262414214995,0.001494449389438646,0.10481644273280367,0.648126958731731,0.0033523882531055105
2040Q1,0.0398312133185315,0.2462942118398689,0.0012739384027406504,0.09876065002099134,0.6106812831231619,0.003158703294705677,0.03356405810947667,0.2075415873504175,0.001073493348935661,0.09154271343196516,0.5660495519959241,0.0029278490012204913,0.04704914990755767,0.2909259429671068,0.001504792696225836,0.10502780523004616,0.6494339076126133,0.0033591483485106662
2040Q2,0.0398312133185315,0.24629421183986888,0.0012739384027406504,0.09876065002099134,0.610681283123162,0.003158703294705676,0.03333436232587722,0.20612127555795073,0.001066146892343067,0.09159759400562577,0.5663889031356186,0.0029296042696274954,0.04699426933389707,0.29058659182741226,0.0015030374278188312,0.10525750101364562,0.6508542194050801,0.00336649480510326
2040Q3,0.03983121331853149,0.24629421183986888,0.0012739384027406501,0.09876065002099134,0.6106812831231619,0.003158703294705677,0.03342311053005497,0.2066700454090061,0.001068985363382655,0.09155568788908056,0.5661297788688473,0.0029282639687245398,0.04703617545044228,0.2908457160941835,0.0015043777287217874,0.10516875280946786,0.6503054495540247,0.003363656334063672
2040Q4,0.03983121331853149,0.2462942118398689,0.0012739384027406501,0.09876065002099134,0.610681283123162,0.003158703294705677,0.033321046681380515,0.20603893897080672,0.0010657210124998913,0.09166513160246757,0.5668065183122062,0.0029317643529158843,0.04692673173705525,0.2901689766508248,0.0015008773445304427,0.10527081665814232,0.6509365559922242,0.003366920684946436
2041Q1,0.0398312133185315,0.24629421183986888,0.0012739384027406501,0.09876065002099134,0.610681283123162,0.003158703294705676,0.03294719585848148,0.2037272520775338,0.0010537639848196498,0.09190949580092153,0.5683175314761485,0.002939579955573426,0.046682367538601305,0.2886579634868824,0.0014930617418729007,0.10564466748104136,0.6532482428854971,0.0033788777126266766
2041Q2,0.0398312133185315,0.2462942118398689,0.0012739384027406501,0.09876065002099134,0.610681283123162,0.003158703294705677,0.0329477910074251,0.20373093214971302,0.0010537830197179484,0.09178436445786559,0.5675437884001351,0.0029355778273422155,0.04680749888165724,0.28943170656289585,0.0014970638701041117,0.10564407233209773,0.6532445628133179,0.003378858677728379
2041Q3,0.0398312133185315,0.2462942118398689,0.0012739384027406504,0.09876065002099134,0.610681283123162,0.003158703294705677,0.03268062260657773,0.20207891040011175,0.0010452380606900517,0.0919267930147812,0.5684244878879586,0.002940133179619604,0.04666507032474163,0.2885510070750723,0.0014925085178267232,0.10591124073294511,0.6548965845629192,0.0033874036367562755
2041Q4,0.03983121331853149,0.24629421183986888,0.0012739384027406501,0.09876065002099131,0.6106812831231619,0.003158703294705676,0.032359039003028986,0.20009041510765696,0.0010349527174097388,0.09162000623405792,0.5665274879709117,0.0029303210893302347,0.0469718571054649,0.29044800699211915,0.0015023206081160921,0.10623282433649382,0.6568850798553739,0.0033976889800365877
2042Q1,0.0398312133185315,0.24629421183986888,0.0012739384027406504,0.09876065002099134,0.6106812831231619,0.003158703294705676,0.03267090800679763,0.20201884068350418,0.001044927354570503,0.09160626066896019,0.5664424929923514,0.0029298814591561463,0.04698560267056264,0.29053300197067944,0.0015027602382901807,0.1059209553327252,0.6549566542795267,0.003387714342875824
2042Q2,0.03983121331853149,0.24629421183986888,0.0012739384027406501,0.09876065002099131,0.6106812831231619,0.003158703294705676,0.03258700441882195,0.2015000272618354,0.0010422438309229765,0.09170032673705228,0.5670241455751222,0.002932890013667881,0.046891536602470536,0.2899513493879086,0.0014997516837784454,0.10600485892070086,0.6554754677011954,0.00339039786652335
2042Q3,0.0398312133185315,0.2462942118398689,0.0012739384027406501,0.09876065002099134,0.6106812831231619,0.003158703294705676,0.03276736357993009,0.2026152686449685,0.0010480123336242197,0.09121849751853653,0.5640447799538257,0.0029174794676691687,0.04737336582098631,0.29293071500920514,0.0015151622297771576,0.10582449975959274,0.6543602263180623,0.003384629363822107
2042Q4,0.0398312133185315,0.24629421183986888,0.0012739384027406501,0.09876065002099131,0.6106812831231619,0.003158703294705676,0.033042666837563975,0.2043175918534945,0.0010568174731888794,0.09120212817096503,0.563943560954389,0.002916955919959679,0.04738973516855779,0.2930319340086418,0.0015156857774866475,0.10554919650195883,0.6526579031095363,0.003375824224257447
2043Q1,0.03983121331853149,0.24629421183986888,0.0012739384027406501,0.09876065002099131,0.6106812831231618,0.003158703294705676,0.03326773299963794,0.20570927662484548,0.0010640158586543327,0.09152149326989448,0.5659183382402567,0.002927170307876203,0.047070370069628324,0.291057156722774,0.0015054713895701235,0.10532413033988487,0.6512662183381852,0.003368625838791994
2043Q2,0.0398312133185315,0.24629421183986888,0.0012739384027406501,0.09876065002099131,0.6106812831231619,0.0031587032947056758,0.03299373850272673,0.2040150460693878,0.0010552525777328247,0.09105809422643905,0.5630529346367441,0.0029123492218969685,0.04753376911308376,0.2939225603262867,0.0015202924755493572,0.10559812483679608,0.652960448893643,0.003377389119713501
2043Q3,0.03983121331853149,0.24629421183986888,0.0012739384027406501,0.09876065002099131,0.6106812831231619,0.003158703294705676,0.03277558204565074,0.2026660870953384,0.0010482751882605929,0.09083089691696856,0.5616480720275968,0.002905082675050425,0.047760966422554244,0.29532742293543396,0.0015275590223959015,0.10581628129387206,0.6543094078676924,0.0033843665091857337
2043Q4,0.0398312133185315,0.24629421183986888,0.0012739384027406501,0.09876065002099134,0.6106812831231619,0.003158703294705677,0.0330242532284973,0.20420373227066088,0.0010562285430065247,0.09103448000759515,0.5629069173569825,0.0029115939584307177,0.04755738333192769,0.2940685776060484,0.0015210477390156098,0.10556761011102554,0.6527717626923699,0.0033764131544398025
2044Q1,0.0398312133185315,0.24629421183986888,0.0012739384027406501,0.09876065002099131,0.6106812831231619,0.003158703294705676,0.03273185638993685,0.2023957118038525,0.0010468766922732,0.09100903435590156,0.5627495755085556,0.0029107801194794406,0.04758282898362126,0.2942259194544752,0.0015218615779668857,0.10586000694958597,0.6545797831591783,0.0033857650051731265
2044Q2,0.03983121331853149,0.24629421183986885,0.0012739384027406501,0.09876065002099134,0.6106812831231619,0.003158703294705677,0.03241973521303173,0.20046572692868395,0.0010368939897532387,0.09121474263366867,0.5640215618208082,0.0029173593736114573,0.04737712070585415,0.29295393314222257,0.00151528232383487,0.1061721281264911,0.6565097680343469,0.0033957477076930888
2044Q3,0.03983121331853149,0.24629421183986888,0.0012739384027406501,0.09876065002099131,0.6106812831231619,0.003158703294705676,0.033152962507787154,0.204999599327124,0.001060345105873068,0.09077590622260791,0.5613080399623476,0.0029033238846068806,0.0478159571169149,0.29566745500068325,0.001529317812839446,0.10543890083173565,0.6519758956359069,0.0033722965915732586
2044Q4,0.0398312133185315,0.2462942118398689,0.0012739384027406501,0.09876065002099134,0.610681283123162,0.003158703294705676,0.032760491324966896,0.2025727744179866,0.0010477925354111693,0.09032530243098347,0.5585217551253108,0.002888912034533916,0.048266560908539376,0.2984537398377201,0.0015437296629124107,0.10583137201455595,0.6544027205450443,0.003384849162035157
2045Q1,0.0398312133185315,0.2462942118398689,0.0012739384027406504,0.09876065002099131,0.6106812831231619,0.003158703294705676,0.03273985499524546,0.2024451707589325,0.001047132515021795,0.09086464388654412,0.5618567446383739,0.0029061620185335023,0.0477272194529787,0.29511875032465695,0.0015264796789128245,0.10585200834427735,0.6545303242040983,0.0033855091824245317
2045Q2,0.03983121331853149,0.24629421183986888,0.00127393840274065,0.09876065002099131,0.6106812831231619,0.003158703294705676,0.03247335959527698,0.20079731047485602,0.0010386090808632972,0.09084930180382642,0.561761877677111,0.002905671326266716,0.0477425615356964,0.29521361728591977,0.0015269703711796102,0.10611850374424582,0.6561781844881748,0.003394032616583029
2045Q3,0.0398312133185315,0.24629421183986888,0.0012739384027406501,0.09876065002099131,0.610681283123162,0.003158703294705676,0.03287015332161837,0.20325086360442607,0.0010512999010477198,0.0909083346756918,0.5621269043342823,0.002907559399368883,0.04768352866383101,0.29484859062874863,0.0015250822980774432,0.10572171001790444,0.6537246313586048,0.0033813417963986067
2045Q4,0.0398312133185315,0.24629421183986888,0.0012739384027406501,0.09876065002099131,0.6106812831231619,0.003158703294705676,0.03273463119705929,0.20241286967769795,0.0010469654400932882,0.09072619470042334,0.5610006513804859,0.002901733940141389,0.04786566863909948,0.29597484358254483,0.001530907757304938,0.10585723214246352,0.6545626252853329,0.0033856762573530384
2046Q1,0.0398312133185315,0.24629421183986888,0.0012739384027406501,0.09876065002099134,0.610681283123162,0.003158703294705676,0.03235279603731761,0.20005181205765366,0.0010347530460187843,0.09076762966187214,0.5612568622845083,0.002903059171893271,0.047824233677650686,0.29571863267852255,0.001529582525553056,0.10623906730220523,0.6569236829053773,0.0033978886514275425
2046Q2,0.0398312133185315,0.24629421183986888,0.0012739384027406501,0.09876065002099134,0.6106812831231619,0.003158703294705677,0.031922835979697375,0.19739317666366402,0.0010210014531494764,0.09097232380099118,0.5625225777237893,0.002909605990403526,0.04761953953853165,0.29445291723924144,0.0015230357070428009,0.10666902735982546,0.6595823182993669,0.003411640244296851
2046Q3,0.03983121331853149,0.24629421183986888,0.0012739384027406501,0.09876065002099134,0.610681283123162,0.003158703294705676,0.03214950136666829,0.1987947501580222,0.0010282509872956023,0.09074128107163022,0.5610939371630759,0.002902216453879666,0.0478505822678926,0.295881557799955,0.0015304252435666607,0.10644236197285455,0.6581807448050088,0.0034043907101507244
2046Q4,0.0398312133185315,0.24629421183986888,0.0012739384027406504,0.09876065002099134,0.610681283123162,0.003158703294705676,0.03197183167184775,0.19769613894817242,0.0010225685029227301,0.08985829453541129,0.5556340363746135,0.002873975525123702,0.04873356880411155,0.3013414585884173,0.0015586661723226251,0.10662003166767509,0.6592793560148585,0.003410073194523597
2047Q1,0.03983121331853149,0.24629421183986888,0.0012739384027406501,0.09876065002099134,0.6106812831231619,0.003158703294705677,0.03235261955773662,0.20005072080545008,0.0010347474015983214,0.08962801599551132,0.5542101211392242,0.0028666104299919118,0.04896384734401151,0.30276537382380664,0.0015660312674544152,0.10623924378178622,0.6569247741575808,0.003397894295848006
2047Q2,0.0398312133185315,0.24629421183986888,0.0012739384027406504,0.09876065002099134,0.610681283123162,0.003158703294705676,0.0314739917199271,0.19461777179926992,0.0010066458789218385,0.08951862912080458,0.5535337331548544,0.002863111863695919,0.049073234218718266,0.3034417618081764,0.001569529833750408,0.10711787161959574,0.662357723163761,0.003425995818524488
2047Q3,0.0398312133185315,0.2462942118398689,0.0012739384027406504,0.09876065002099134,0.6106812831231619,0.003158703294705677,0.031901464341990066,0.19726102626636743,0.0010203179150963654,0.08938163857411104,0.5526866593171187,0.002858730437580433,0.0492102247654118,0.30428883564591214,0.0015739112598658945,0.10669039899753277,0.6597144686966634,0.003412323782349962
2047Q4,0.0398312133185315,0.24629421183986885,0.0012739384027406501,0.09876065002099134,0.610681283123162,0.003158703294705676,0.03216673465794821,0.19890131130792366,0.0010288021668790996,0.08951246374696617,0.5534956098901153,0.0028629146739583837,0.049079399592556666,0.3034798850729156,0.0015697270234879429,0.10642512868157462,0.6580741836551073,0.003403839530567227
2048Q1,0.03983121331853149,0.24629421183986888,0.0012739384027406501,0.09876065002099134,0.6106812831231619,0.003158703294705676,0.03218357655992752,0.1990054523226778,0.001029340828494428,0.08958023309105421,0.5539146580636064,0.0028650821693161545,0.049011630248468614,0.3030608368994244,0.0015675595281301718,0.10640828677959531,0.657970042640353,0.0034033008689518984
2048Q2,0.03983121331853149,0.2462942118398689,0.0012739384027406501,0.09876065002099131,0.6106812831231618,0.0031587032947056758,0.03221193815767948,0.1991808247701345,0.0010302479293715808,0.0895059535296915,0.5534553543041317,0.002862706454948582,0.04908590980983131,0.3035201406588991,0.001569935242497744,0.10637992518184333,0.6577946701928963,0.003402393768074745
2048Q3,0.0398312133185315,0.24629421183986888,0.0012739384027406501,0.09876065002099134,0.6106812831231619,0.003158703294705676,0.032023898543549534,0.19801809170984722,0.0010242337795197804,0.08973953975891365,0.5548997224624109,0.0028701773412953715,0.04885232358060919,0.3020757725006199,0.0015624643561509553,0.1065679647959733,0.6589574032531836,0.003408407917926546
2048Q4,0.0398312133185315,0.2462942118398689,0.0012739384027406501,0.09876065002099131,0.6106812831231618,0.0031587032947056758,0.03187333920597216,0.19708711596760192,0.0010194183770740363,0.08917693760705844,0.5514209016576698,0.0028521834006895144,0.04941492573246437,0.305554593305361,0.0015804582967568115,0.10671852413355065,0.6598883789954288,0.00341322332037229
2049Q1,0.03983121331853149,0.24629421183986888,0.0012739384027406504,0.09876065002099134,0.6106812831231619,0.003158703294705676,0.03156483772437566,0.1951795132879243,0.001009551444787409,0.08923800422679472,0.5517985038877949,0.00285413652000289,0.04935385911272811,0.3051769910752359,0.0015785051774434371,0.10702702561514717,0.6617959816751066,0.003423090252658918
2049Q2,0.0398312133185315,0.24629421183986888,0.0012739384027406504,0.09876065002099131,0.6106812831231618,0.0031587032947056758,0.031402779151785944,0.19417743263101117,0.001004368257484919,0.08959720943635519,0.5540196304015663,0.0028656251308886316,0.04899465390316763,0.30295586456146445,0.0015670165665576945,0.10718908418773687,0.6627980623320195,0.003428273439961407
2049Q3,0.0398312133185315,0.24629421183986888,0.0012739384027406501,0.09876065002099131,0.6106812831231619,0.003158703294705676,0.031834211884633444,0.196845174234784,0.001018166951543733,0.08929161592626439,0.5521300090106916,0.0028558512054744183,0.049300247413258426,0.3048454859523392,0.0015767904919719083,0.10675765145488937,0.6601303207282468,0.0034144747459025934
2049Q4,0.03983121331853149,0.24629421183986888,0.0012739384027406501,0.09876065002099131,0.6106812831231619,0.003158703294705676,0.031511197096712754,0.1948478292890669,0.001007835834093343,0.08953280248460296,0.5536213734041717,0.0028635651763352908,0.04905906085491985,0.3033541215588591,0.0015690765211110358,0.10708066624281005,0.662127665673964,0.0034248058633529837
2050Q1,0.0398312133185315,0.2462942118398689,0.0012739384027406501,0.09876065002099131,0.6106812831231619,0.003158703294705676,0.031604831708782935,0.19542681398622722,0.0010108305891661548,0.08915172602350506,0.5512650071572724,0.0028513770480377465,0.04944013731601776,0.30571048780575844,0.0015812646494085803,0.10698703163073987,0.6615486809768036,0.0034218111082801716
2050Q2,0.03983121331853149,0.24629421183986885,0.0012739384027406501,0.09876065002099131,0.6106812831231619,0.0031587032947056758,0.031638985705379874,0.19563800342717527,0.0010119229507651844,0.08948606140177207,0.5533323523777642,0.0028620702366775955,0.04910580193775075,0.30364314258526653,0.0015705714607687305,0.10695287763414293,0.6613374915358555,0.0034207187466811415
2050Q3,0.03983121331853149,0.24629421183986888,0.0012739384027406501,0.09876065002099134,0.610681283123162,0.003158703294705676,0.031705787626737765,0.19605106959311547,0.0010140595046359922,0.08949423863681712,0.5533829158804209,0.002862331772615977,0.04909762470270571,0.30359257908261,0.0015703099248303497,0.10688607571278506,0.6609244253699155,0.0034185821928103344
2050Q4,0.0398312133185315,0.24629421183986888,0.0012739384027406501,0.09876065002099134,0.6106812831231619,0.003158703294705677,0.03172802238574027,0.1961885570555278,0.0010147706482595228,0.08925207300588701,0.5518854974430848,0.002854586487665739,0.049339790333635815,0.30508999751994603,0.0015780552097805882,0.10686384095378257,0.660786937907503,0.0034178710491868046
