Quarter,male_share_mean,male_share_p05,male_share_p95,female_share_mean,female_share_p05,female_share_p95
1995Q2,0.7195511191526561,0.7195511191526561,0.7195511191526561,0.2804488808473439,0.2804488808473439,0.2804488808473439
1995Q3,0.7210712302488768,0.7210712302488768,0.7210712302488768,0.27892876975112324,0.27892876975112324,0.27892876975112324
1995Q4,0.7225710044929395,0.7225710044929395,0.7225710044929395,0.27742899550706046,0.27742899550706046,0.27742899550706046
1996Q1,0.7240508472887756,0.7240508472887756,0.7240508472887756,0.27594915271122444,0.27594915271122444,0.27594915271122444
1996Q2,0.7255111533361043,0.7255111533361043,0.7255111533361043,0.2744888466638957,0.2744888466638957,0.2744888466638957
1996Q3,0.7262422676065421,0.7262422676065421,0.7262422676065421,0.2737577323934579,0.2737577323934579,0.2737577323934579
1996Q4,0.7269770541371182,0.7269770541371182,0.7269770541371182,0.2730229458628818,0.2730229458628818,0.2730229458628818
1997Q1,0.7277155406651811,0.7277155406651811,0.7277155406651811,0.27228445933481893,0.27228445933481893,0.27228445933481893
1997Q2,0.7284577552081251,0.7284577552081251,0.7284577552081251,0.27154224479187494,0.27154224479187494,0.27154224479187494
1997Q3,0.7295796748739424,0.7295796748739424,0.7295796748739424,0.2704203251260576,0.2704203251260576,0.2704203251260576
1997Q4,0.7307012021464759,0.7307012021464759,0.7307012021464759,0.26929879785352406,0.26929879785352406,0.26929879785352406
1998Q1,0.73182233723155,0.73182233723155,0.73182233723155,0.26817766276845,0.26817766276845,0.26817766276845
1998Q2,0.732943080334845,0.732943080334845,0.732943080334845,0.267056919665155,0.267056919665155,0.267056919665155
1998Q3,0.7315201455942572,0.7315201455942572,0.7315201455942572,0.26847985440574285,0.26847985440574285,0.26847985440574285
1998Q4,0.7300622287726194,0.7300622287726194,0.7300622287726194,0.2699377712273806,0.2699377712273806,0.2699377712273806
1999Q1,0.7285680237920065,0.7285680237920065,0.7285680237920065,0.27143197620799353,0.27143197620799353,0.27143197620799353
1999Q2,0.7270361587374871,0.7270361587374871,0.7270361587374871,0.27296384126251294,0.27296384126251294,0.27296384126251294
1999Q3,0.7273974025974026,0.7273974025974026,0.7273974025974026,0.2726025974025974,0.2726025974025974,0.2726025974025974
1999Q4,0.7303190704148127,0.7303190704148127,0.7303190704148127,0.2696809295851873,0.2696809295851873,0.2696809295851873
2000Q1,0.7330513904908368,0.7330513904908368,0.7330513904908368,0.2669486095091632,0.2669486095091632,0.2669486095091632
2000Q2,0.7333896213548093,0.7333896213548093,0.7333896213548093,0.26661037864519066,0.26661037864519066,0.26661037864519066
2000Q3,0.7334103844560264,0.7334103844560264,0.7334103844560264,0.26658961554397365,0.26658961554397365,0.26658961554397365
2000Q4,0.7312725037323263,0.7312725037323263,0.7312725037323263,0.26872749626767367,0.26872749626767367,0.26872749626767367
2001Q1,0.7361237893799399,0.7361237893799399,0.7361237893799399,0.26387621062006006,0.26387621062006006,0.26387621062006006
2001Q2,0.738304191509792,0.738304191509792,0.738304191509792,0.261695808490208,0.261695808490208,0.261695808490208
2001Q3,0.7336716136419767,0.7336716136419767,0.7336716136419767,0.26632838635802325,0.26632838635802325,0.26632838635802325
2001Q4,0.7355386758955459,0.7355386758955459,0.7355386758955459,0.2644613241044541,0.2644613241044541,0.2644613241044541
2002Q1,0.7366815408432749,0.7366815408432749,0.7366815408432749,0.26331845915672514,0.26331845915672514,0.26331845915672514
2002Q2,0.7400265184116868,0.7400265184116868,0.7400265184116868,0.25997348158831324,0.25997348158831324,0.25997348158831324
2002Q3,0.7438266614307822,0.7438266614307822,0.7438266614307822,0.25617333856921776,0.25617333856921776,0.25617333856921776
2002Q4,0.7441000918273646,0.7441000918273646,0.7441000918273646,0.2558999081726354,0.2558999081726354,0.2558999081726354
2003Q1,0.7448882322100948,0.7448882322100948,0.7448882322100948,0.2551117677899052,0.2551117677899052,0.2551117677899052
2003Q2,0.7445056272037868,0.7445056272037868,0.7445056272037868,0.25549437279621323,0.25549437279621323,0.25549437279621323
2003Q3,0.7429148302267747,0.7429148302267747,0.7429148302267747,0.25708516977322526,0.25708516977322526,0.25708516977322526
2003Q4,0.7449118046132971,0.7449118046132971,0.7449118046132971,0.2550881953867029,0.2550881953867029,0.2550881953867029
2004Q1,0.7506669402831931,0.7506669402831931,0.7506669402831931,0.24933305971680686,0.24933305971680686,0.24933305971680686
2004Q2,0.7484199529903368,0.7484199529903368,0.7484199529903368,0.2515800470096632,0.2515800470096632,0.2515800470096632
2004Q3,0.7479099348617736,0.7479099348617736,0.7479099348617736,0.2520900651382264,0.2520900651382264,0.2520900651382264
2004Q4,0.7515513496742166,0.7515513496742166,0.7515513496742166,0.24844865032578345,0.24844865032578345,0.24844865032578345
2005Q1,0.7489227841074309,0.7489227841074309,0.7489227841074309,0.25107721589256915,0.25107721589256915,0.25107721589256915
2005Q2,0.7469333193541623,0.7469333193541623,0.7469333193541623,0.2530666806458377,0.2530666806458377,0.2530666806458377
2005Q3,0.7486912372083234,0.7486912372083234,0.7486912372083234,0.2513087627916766,0.2513087627916766,0.2513087627916766
2005Q4,0.7489812767997444,0.7489812767997444,0.7489812767997444,0.25101872320025564,0.25101872320025564,0.25101872320025564
2006Q1,0.7514769173193617,0.7514769173193617,0.7514769173193617,0.24852308268063827,0.24852308268063827,0.24852308268063827
2006Q2,0.7459505315341587,0.7459505315341587,0.7459505315341587,0.2540494684658413,0.2540494684658413,0.2540494684658413
2006Q3,0.7435130269010802,0.7435130269010802,0.7435130269010802,0.25648697309891977,0.25648697309891977,0.25648697309891977
2006Q4,0.7455078545298042,0.7455078545298042,0.7455078545298042,0.25449214547019583,0.25449214547019583,0.25449214547019583
2007Q1,0.7482886441732731,0.7482886441732731,0.7482886441732731,0.2517113558267269,0.2517113558267269,0.2517113558267269
2007Q2,0.7489308577044652,0.7489308577044652,0.7489308577044652,0.2510691422955348,0.2510691422955348,0.2510691422955348
2007Q3,0.7369062119366626,0.7369062119366626,0.7369062119366626,0.2630937880633374,0.2630937880633374,0.2630937880633374
2007Q4,0.736053288925895,0.736053288925895,0.736053288925895,0.26394671107410494,0.26394671107410494,0.26394671107410494
2008Q1,0.736694369530519,0.736694369530519,0.736694369530519,0.26330563046948097,0.26330563046948097,0.26330563046948097
2008Q2,0.7432280859177837,0.7432280859177837,0.7432280859177837,0.25677191408221633,0.25677191408221633,0.25677191408221633
2008Q3,0.7371171883828681,0.7371171883828681,0.7371171883828681,0.2628828116171319,0.2628828116171319,0.2628828116171319
2008Q4,0.7396972613526993,0.7396972613526993,0.7396972613526993,0.2603027386473007,0.2603027386473007,0.2603027386473007
2009Q1,0.750402576489533,0.750402576489533,0.750402576489533,0.249597423510467,0.249597423510467,0.249597423510467
2009Q2,0.7571577772175605,0.7571577772175605,0.7571577772175605,0.2428422227824395,0.2428422227824395,0.2428422227824395
2009Q3,0.7562822107695042,0.7562822107695042,0.7562822107695042,0.2437177892304958,0.2437177892304958,0.2437177892304958
2009Q4,0.7580207216863165,0.7580207216863165,0.7580207216863165,0.2419792783136835,0.2419792783136835,0.2419792783136835
2010Q1,0.7651760025574539,0.7651760025574539,0.7651760025574539,0.23482399744254612,0.23482399744254612,0.23482399744254612
2010Q2,0.7677298180932837,0.7677298180932837,0.7677298180932837,0.23227018190671633,0.23227018190671633,0.23227018190671633
2010Q3,0.7660907800436243,0.7660907800436243,0.7660907800436243,0.2339092199563757,0.2339092199563757,0.2339092199563757
2010Q4,0.7630699245270014,0.7630699245270014,0.7630699245270014,0.2369300754729986,0.2369300754729986,0.2369300754729986
2011Q1,0.7618964371875109,0.7618964371875109,0.7618964371875109,0.23810356281248912,0.23810356281248912,0.23810356281248912
2011Q2,0.7567039787983402,0.7567039787983402,0.7567039787983402,0.24329602120165983,0.24329602120165983,0.24329602120165983
2011Q3,0.7625901812423016,0.7625901812423016,0.7625901812423016,0.2374098187576984,0.2374098187576984,0.2374098187576984
2011Q4,0.761478707171591,0.761478707171591,0.761478707171591,0.23852129282840895,0.23852129282840895,0.23852129282840895
2012Q1,0.7551571709233792,0.7551571709233792,0.7551571709233792,0.2448428290766208,0.2448428290766208,0.2448428290766208
2012Q2,0.7542718213882136,0.7542718213882136,0.7542718213882136,0.24572817861178642,0.24572817861178642,0.24572817861178642
2012Q3,0.7564583191329834,0.7564583191329834,0.7564583191329834,0.24354168086701655,0.24354168086701655,0.24354168086701655
2012Q4,0.7553944474986256,0.7553944474986256,0.7553944474986256,0.2446055525013744,0.2446055525013744,0.2446055525013744
2013Q1,0.7621558690590331,0.7621558690590331,0.7621558690590331,0.2378441309409669,0.2378441309409669,0.2378441309409669
2013Q2,0.7592872689711144,0.7592872689711144,0.7592872689711144,0.24071273102888557,0.24071273102888557,0.24071273102888557
2013Q3,0.7587257523951386,0.7587257523951386,0.7587257523951386,0.24127424760486138,0.24127424760486138,0.24127424760486138
2013Q4,0.7526296208610951,0.7526296208610951,0.7526296208610951,0.24737037913890492,0.24737037913890492,0.24737037913890492
2014Q1,0.7466974564471762,0.7466974564471762,0.7466974564471762,0.2533025435528238,0.2533025435528238,0.2533025435528238
2014Q2,0.7472039528594798,0.7472039528594798,0.7472039528594798,0.2527960471405202,0.2527960471405202,0.2527960471405202
2014Q3,0.7470110945520781,0.7470110945520781,0.7470110945520781,0.25298890544792185,0.25298890544792185,0.25298890544792185
2014Q4,0.7499675071484273,0.7499675071484273,0.7499675071484273,0.2500324928515727,0.2500324928515727,0.2500324928515727
2015Q1,0.7534602076124567,0.7534602076124567,0.7534602076124567,0.2465397923875433,0.2465397923875433,0.2465397923875433
2015Q2,0.7544703579603889,0.7544703579603889,0.7544703579603889,0.24552964203961114,0.24552964203961114,0.24552964203961114
2015Q3,0.74914100922994,0.74914100922994,0.74914100922994,0.25085899077006,0.25085899077006,0.25085899077006
2015Q4,0.7585745804639968,0.7585745804639968,0.7585745804639968,0.24142541953600316,0.24142541953600316,0.24142541953600316
2016Q1,0.7563352826510722,0.7563352826510722,0.7563352826510722,0.2436647173489278,0.2436647173489278,0.2436647173489278
2016Q2,0.7593642838301239,0.7593642838301239,0.7593642838301239,0.2406357161698761,0.2406357161698761,0.2406357161698761
2016Q3,0.7484646283570693,0.7484646283570693,0.7484646283570693,0.2515353716429307,0.2515353716429307,0.2515353716429307
2016Q4,0.7474394627959031,0.7474394627959031,0.7474394627959031,0.2525605372040969,0.2525605372040969,0.2525605372040969
2017Q1,0.7516031165965662,0.7516031165965662,0.7516031165965662,0.2483968834034338,0.2483968834034338,0.2483968834034338
2017Q2,0.7528109204690024,0.7528109204690024,0.7528109204690024,0.24718907953099756,0.24718907953099756,0.24718907953099756
2017Q3,0.7401114584749218,0.7401114584749218,0.7401114584749218,0.25988854152507823,0.25988854152507823,0.25988854152507823
2017Q4,0.7511210762331839,0.7511210762331839,0.7511210762331839,0.24887892376681608,0.24887892376681608,0.24887892376681608
2018Q1,0.7518938744729715,0.7518938744729715,0.7518938744729715,0.2481061255270285,0.2481061255270285,0.2481061255270285
2018Q2,0.7444436727323239,0.7444436727323239,0.7444436727323239,0.2555563272676761,0.2555563272676761,0.2555563272676761
2018Q3,0.7513383855941042,0.7513383855941042,0.7513383855941042,0.24866161440589585,0.24866161440589585,0.24866161440589585
2018Q4,0.7534732995483849,0.7534732995483849,0.7534732995483849,0.24652670045161507,0.24652670045161507,0.24652670045161507
2019Q1,0.7452443118239462,0.7452443118239462,0.7452443118239462,0.25475568817605376,0.25475568817605376,0.25475568817605376
2019Q2,0.7361420588941071,0.7361420588941071,0.7361420588941071,0.2638579411058929,0.2638579411058929,0.2638579411058929
2019Q3,0.7386568613847648,0.7386568613847648,0.7386568613847648,0.26134313861523517,0.26134313861523517,0.26134313861523517
2019Q4,0.7469650330301248,0.7469650330301248,0.7469650330301248,0.25303496696987515,0.25303496696987515,0.25303496696987515
2020Q1,0.7488890385133316,0.7488890385133316,0.7488890385133316,0.25111096148666845,0.25111096148666845,0.25111096148666845
2020Q2,0.738311620995888,0.738311620995888,0.738311620995888,0.261688379004112,0.261688379004112,0.261688379004112
2020Q3,0.7410498175643944,0.7410498175643944,0.7410498175643944,0.25895018243560564,0.25895018243560564,0.25895018243560564
2020Q4,0.72984610776201,0.72984610776201,0.72984610776201,0.27015389223799,0.27015389223799,0.27015389223799
2021Q1,0.7208956846262546,0.7208956846262546,0.7208956846262546,0.27910431537374536,0.27910431537374536,0.27910431537374536
2021Q2,0.7295616914462252,0.7295616914462252,0.7295616914462252,0.2704383085537748,0.2704383085537748,0.2704383085537748
2021Q3,0.7328212022277704,0.7328212022277704,0.7328212022277704,0.26717879777222964,0.26717879777222964,0.26717879777222964
2021Q4,0.7361609231249027,0.7361609231249027,0.7361609231249027,0.26383907687509733,0.26383907687509733,0.26383907687509733
2022Q1,0.726780129463961,0.726780129463961,0.726780129463961,0.273219870536039,0.273219870536039,0.273219870536039
2022Q2,0.7260512746023676,0.7260512746023676,0.7260512746023676,0.2739487253976324,0.2739487253976324,0.2739487253976324
2022Q3,0.7287830489405588,0.7287830489405588,0.7287830489405588,0.2712169510594412,0.2712169510594412,0.2712169510594412
2022Q4,0.7375229667404102,0.7375229667404102,0.7375229667404102,0.2624770332595898,0.2624770332595898,0.2624770332595898
2023Q1,0.7253515802207773,0.7253515802207773,0.7253515802207773,0.2746484197792227,0.2746484197792227,0.2746484197792227
2023Q2,0.7425030782062995,0.7425030782062995,0.7425030782062995,0.25749692179370054,0.25749692179370054,0.25749692179370054
2023Q3,0.7332692923471021,0.7332692923471021,0.7332692923471021,0.26673070765289786,0.26673070765289786,0.26673070765289786
2023Q4,0.7361710037174721,0.7361710037174721,0.7361710037174721,0.2638289962825279,0.2638289962825279,0.2638289962825279
2024Q1,0.7286142238988129,0.7286142238988129,0.7286142238988129,0.2713857761011871,0.2713857761011871,0.2713857761011871
2024Q2,0.7215461438875532,0.7215461438875532,0.7215461438875532,0.2784538561124468,0.2784538561124468,0.2784538561124468
2024Q3,0.7061945615820852,0.7061945615820852,0.7061945615820852,0.29380543841791484,0.29380543841791484,0.29380543841791484
2024Q4,0.7087192354525663,0.7087192354525663,0.7087192354525663,0.2912807645474337,0.2912807645474337,0.2912807645474337
2025Q1,0.7109276408212704,0.7013056155484654,0.7202942703516195,0.28907235917872964,0.2797057296483805,0.2986943844515346
2025Q2,0.7118786032971871,0.7002073433874721,0.7231106395780831,0.2881213967028129,0.2768893604219169,0.29979265661252785
2025Q3,0.7122888471362894,0.6986644588755486,0.7252187317441202,0.28771115286371063,0.2747812682558798,0.3013355411244514
2025Q4,0.7124659667020696,0.6980901212018439,0.7266481423469572,0.28753403329793037,0.2733518576530428,0.3019098787981561
2026Q1,0.7125424630845868,0.6969942501250952,0.7273940355126348,0.2874575369154132,0.2726059644873652,0.3030057498749048
2026Q2,0.7125755061328127,0.695190273004813,0.72561730775277,0.28742449386718727,0.27438269224723,0.30480972699518705
2026Q3,0.7125897801870393,0.6938384991438986,0.7298108053247041,0.28741021981296067,0.2701891946752959,0.3061615008561014
2026Q4,0.7125959465160546,0.6918778557043465,0.7315915800629316,0.2874040534839454,0.26840841993706843,0.30812214429565354
2027Q1,0.7125986103753296,0.6914885984148853,0.7324471433013818,0.28740138962467043,0.26755285669861817,0.3085114015851147
2027Q2,0.7125997611707482,0.6889759755891388,0.732634357795859,0.2874002388292518,0.26736564220414105,0.3110240244108612
2027Q3,0.7126002583190347,0.6880981719310518,0.733448480786964,0.28739974168096527,0.266551519213036,0.3119018280689482
2027Q4,0.7126004730893188,0.6870878865795387,0.7363466532893513,0.28739952691068116,0.26365334671064866,0.3129121134204613
2028Q1,0.7126005658710814,0.6867375389763944,0.7364153667964982,0.28739943412891855,0.2635846332035018,0.31326246102360555
2028Q2,0.712600605953242,0.6855756322519063,0.7385948593507617,0.28739939404675796,0.26140514064923825,0.3144243677480937
2028Q3,0.7126006232689266,0.6851287372699518,0.7397872151161322,0.2873993767310734,0.2602127848838678,0.3148712627300482
2028Q4,0.7126006307493851,0.6845691482941698,0.7391495416826495,0.28739936925061493,0.26085045831735054,0.3154308517058302
2029Q1,0.7126006339809791,0.6864137097513522,0.7391057361424492,0.28739936601902094,0.26089426385755077,0.3135862902486478
2029Q2,0.712600635377043,0.6832485331390385,0.7404618350647827,0.287399364622957,0.2595381649352173,0.31675146686096145
2029Q3,0.7126006359801493,0.6816295892780488,0.7420410929595537,0.28739936401985067,0.25795890704044633,0.31837041072195116
2029Q4,0.7126006362406943,0.6826083601250431,0.7406082334892666,0.28739936375930575,0.25939176651073337,0.3173916398749569
2030Q1,0.7126006363532509,0.6823300075130374,0.7399131859740362,0.2873993636467491,0.2600868140259638,0.3176699924869626
2030Q2,0.7126006364018759,0.6832329295815571,0.7407172687895762,0.2873993635981241,0.2592827312104238,0.3167670704184429
2030Q3,0.7126006364228821,0.6802180311248047,0.7426137553753016,0.28739936357711793,0.2573862446246984,0.3197819688751953
2030Q4,0.7126006364319569,0.6805953285850028,0.7420178192684017,0.2873993635680431,0.2579821807315983,0.3194046714149972
2031Q1,0.7126006364358772,0.6805269324061866,0.7414373135382492,0.28739936356412277,0.25856268646175085,0.31947306759381344
2031Q2,0.7126006364375708,0.6765498521208894,0.7417576387178738,0.28739936356242923,0.2582423612821262,0.32345014787911064
2031Q3,0.7126006364383025,0.6782783365571401,0.745942077366798,0.2873993635616975,0.25405792263320204,0.3217216634428599
2031Q4,0.7126006364386185,0.676947725347919,0.7445164700078301,0.2873993635613815,0.25548352999216994,0.323052274652081
2032Q1,0.712600636438755,0.6772037009586812,0.747112712882292,0.28739936356124496,0.252887287117708,0.3227962990413188
2032Q2,0.712600636438814,0.6744999440225354,0.7474619181881603,0.287399363561186,0.2525380818118397,0.32550005597746456
2032Q3,0.7126006364388395,0.6741139171642685,0.7490869608389966,0.28739936356116047,0.2509130391610034,0.3258860828357315
2032Q4,0.7126006364388505,0.6744263224595014,0.7495269426089489,0.2873993635611495,0.2504730573910511,0.3255736775404986
2033Q1,0.7126006364388553,0.6707085433544314,0.7499532544270346,0.2873993635611447,0.25004674557296536,0.3292914566455686
2033Q2,0.7126006364388573,0.6752927232528367,0.7501290642220557,0.2873993635611427,0.24987093577794428,0.32470727674716326
2033Q3,0.7126006364388583,0.672423873434128,0.7499388571990369,0.2873993635611417,0.25006114280096314,0.327576126565872
2033Q4,0.7126006364388586,0.670427956026084,0.7493183253903181,0.2873993635611414,0.25068167460968194,0.32957204397391604
2034Q1,0.7126006364388588,0.6717965715118183,0.7501790472904191,0.28739936356114115,0.24982095270958093,0.32820342848818174
2034Q2,0.7126006364388588,0.6709466730823167,0.7507374161548367,0.28739936356114115,0.2492625838451633,0.3290533269176833
2034Q3,0.712600636438859,0.6702141319589068,0.7519692672434438,0.28739936356114104,0.24803073275655618,0.3297858680410932
2034Q4,0.712600636438859,0.6690116723729138,0.7529112602348431,0.28739936356114104,0.24708873976515688,0.3309883276270862
2035Q1,0.712600636438859,0.6695448787386469,0.7525995586931948,0.28739936356114104,0.24740044130680516,0.3304551212613531
2035Q2,0.712600636438859,0.6701013192716392,0.7518612413275573,0.28739936356114104,0.24813875867244273,0.3298986807283608
2035Q3,0.712600636438859,0.6677997268519181,0.7549099104900658,0.28739936356114104,0.24509008950993416,0.33220027314808187
2035Q4,0.712600636438859,0.6682250301263152,0.7555178190494716,0.28739936356114104,0.24448218095052843,0.3317749698736848
2036Q1,0.712600636438859,0.6666619748519573,0.7561068624299919,0.28739936356114104,0.24389313757000808,0.33333802514804267
2036Q2,0.712600636438859,0.6634866206874706,0.7551997383796717,0.28739936356114104,0.2448002616203283,0.33651337931252945
2036Q3,0.712600636438859,0.6626643085128732,0.7609055316664718,0.28739936356114104,0.2390944683335282,0.33733569148712683
2036Q4,0.712600636438859,0.664865884989494,0.7589375984052747,0.28739936356114104,0.24106240159472525,0.33513411501050605
2037Q1,0.712600636438859,0.6637861535765726,0.7585946001212744,0.28739936356114104,0.24140539987872556,0.33621384642342744
2037Q2,0.712600636438859,0.6642802031027012,0.7576698733925582,0.28739936356114104,0.2423301266074418,0.3357197968972988
2037Q3,0.712600636438859,0.6635792897723983,0.7581525105549132,0.28739936356114104,0.24184748944508683,0.33642071022760167
2037Q4,0.712600636438859,0.6649180708524847,0.7562554340687137,0.28739936356114104,0.24374456593128635,0.33508192914751533
2038Q1,0.712600636438859,0.6647729291359626,0.7554511435428966,0.28739936356114104,0.24454885645710345,0.33522707086403736
2038Q2,0.712600636438859,0.6619391798503569,0.7586608013334464,0.28739936356114104,0.24133919866655362,0.3380608201496431
2038Q3,0.712600636438859,0.6578892097893422,0.7555477953099209,0.28739936356114104,0.2444522046900791,0.3421107902106578
2038Q4,0.712600636438859,0.6605383825623121,0.7561936792533288,0.28739936356114104,0.2438063207466712,0.3394616174376879
2039Q1,0.712600636438859,0.662668640229514,0.7580749833873212,0.28739936356114104,0.24192501661267884,0.337331359770486
2039Q2,0.712600636438859,0.6636857783411222,0.7582213671197136,0.28739936356114104,0.24177863288028645,0.3363142216588778
2039Q3,0.712600636438859,0.6622569081362354,0.7571418446113143,0.28739936356114104,0.24285815538868571,0.3377430918637646
2039Q4,0.712600636438859,0.6628535551836713,0.7562957897176401,0.28739936356114104,0.2437042102823599,0.3371464448163287
2040Q1,0.712600636438859,0.6605201144291097,0.7578208611911702,0.28739936356114104,0.2421791388088298,0.33947988557089026
2040Q2,0.712600636438859,0.6609161014108719,0.759478215223829,0.28739936356114104,0.24052178477617103,0.33908389858912813
2040Q3,0.712600636438859,0.6606137307266524,0.7588378586975563,0.28739936356114104,0.24116214130244373,0.3393862692733476
2040Q4,0.712600636438859,0.6614034142675895,0.7595742933353129,0.28739936356114104,0.2404257066646871,0.33859658573241047
2041Q1,0.712600636438859,0.6631666072326434,0.7622717880791651,0.28739936356114104,0.23772821192083493,0.3368333927673566
2041Q2,0.712600636438859,0.6622637306853428,0.762267493823144,0.28739936356114104,0.23773250617685604,0.33773626931465717
2041Q3,0.712600636438859,0.6632914140823594,0.7641952289326205,0.28739936356114104,0.23580477106737951,0.33670858591764063
2041Q4,0.712600636438859,0.6610778152942999,0.7665155931719043,0.28739936356114104,0.23348440682809568,0.3389221847057001
2042Q1,0.712600636438859,0.6609786351204677,0.7642653239551277,0.28739936356114104,0.2357346760448723,0.33902136487953227
2042Q2,0.712600636438859,0.6616573623258424,0.7648707244884196,0.28739936356114104,0.23512927551158036,0.3383426376741576
2042Q3,0.712600636438859,0.6581807569400314,0.7635693554414772,0.28739936356114104,0.2364306445585228,0.3418192430599686
2042Q4,0.712600636438859,0.6580626450453138,0.7615829238357527,0.28739936356114104,0.23841707616424734,0.34193735495468625
2043Q1,0.712600636438859,0.6603670018180275,0.7599589745168622,0.28739936356114104,0.24004102548313777,0.33963299818197246
2043Q2,0.712600636438859,0.6570233780850802,0.7619359628501526,0.28739936356114104,0.23806403714984736,0.34297662191491984
2043Q3,0.712600636438859,0.6553840516196159,0.7635100556707503,0.28739936356114104,0.23648994432924975,0.3446159483803841
2043Q4,0.712600636438859,0.6568529913230083,0.7617157859578353,0.28739936356114104,0.2382842140421647,0.34314700867699166
2044Q1,0.712600636438859,0.6566693899839366,0.7638255551139375,0.28739936356114104,0.23617444488606254,0.34333061001606335
2044Q2,0.712600636438859,0.6581536638280884,0.766077643868531,0.28739936356114104,0.23392235613146894,0.3418463361719116
2044Q3,0.712600636438859,0.6549872700695624,0.7607870930592158,0.28739936356114104,0.23921290694078423,0.34501272993043763
2044Q4,0.712600636438859,0.6517359695908281,0.7636189417216354,0.28739936356114104,0.23638105827836464,0.34826403040917187
2045Q1,0.712600636438859,0.6556275505434516,0.7637678417308003,0.28739936356114104,0.23623215826919974,0.34437244945654844
2045Q2,0.712600636438859,0.6555168508072042,0.7656907208490037,0.28739936356114104,0.2343092791509963,0.34448314919279577
2045Q3,0.712600636438859,0.6559427984093429,0.7628276831729078,0.28739936356114104,0.23717231682709217,0.3440572015906571
2045Q4,0.712600636438859,0.6546285800210507,0.7638055336851495,0.28739936356114104,0.23619446631485053,0.34537141997894927
2046Q1,0.712600636438859,0.6549275511182737,0.7665606388590099,0.28739936356114104,0.23343936114099006,0.3450724488817263
2046Q2,0.712600636438859,0.6564045075151841,0.7696629859034891,0.28739936356114104,0.23033701409651086,0.3435954924848159
2046Q3,0.712600636438859,0.6547374346885857,0.7680274974880139,0.28739936356114104,0.2319725025119861,0.3452625653114143
2046Q4,0.712600636438859,0.6483663064351485,0.7693094608770571,0.28739936356114104,0.2306905391229429,0.3516336935648515
2047Q1,0.712600636438859,0.6467047475647274,0.766561912235215,0.28739936356114104,0.23343808776478503,0.3532952524352726
2047Q2,0.712600636438859,0.6459154741393549,0.7729015906018811,0.28739936356114104,0.22709840939811887,0.3540845258606451
2047Q3,0.712600636438859,0.6449270283288102,0.7698171914765461,0.28739936356114104,0.23018280852345385,0.3550729716711898
2047Q4,0.712600636438859,0.6458709883110397,0.767903151867249,0.28739936356114104,0.232096848132751,0.35412901168896027
2048Q1,0.712600636438859,0.6463599733239768,0.7677816302889002,0.28739936356114104,0.23221836971109977,0.35364002667602323
2048Q2,0.712600636438859,0.6458240142887719,0.7675769891428145,0.28739936356114104,0.23242301085718553,0.3541759857112281
2048Q3,0.712600636438859,0.64750943956262,0.7689337759670835,0.28739936356114104,0.23106622403291655,0.35249056043738003
2048Q4,0.712600636438859,0.6434500226654178,0.7700201264493519,0.28739936356114104,0.22997987355064808,0.35654997733458216
2049Q1,0.712600636438859,0.6438906446345926,0.7722460975429126,0.28739936356114104,0.22775390245708738,0.35610935536540744
2049Q2,0.712600636438859,0.6464824649688102,0.773415419959718,0.28739936356114104,0.22658458004028204,0.35351753503118977
2049Q3,0.712600636438859,0.6442774761424305,0.7703024469290388,0.28739936356114104,0.22969755307096118,0.35572252385756953
2049Q4,0.712600636438859,0.64601774106511,0.772633137780127,0.28739936356114104,0.227366862219873,0.35398225893489
2050Q1,0.712600636438859,0.6432681102288152,0.7719575237158237,0.28739936356114104,0.2280424762841763,0.35673188977118475
2050Q2,0.712600636438859,0.6456804840162139,0.7717110879166796,0.28739936356114104,0.22828891208332036,0.3543195159837861
2050Q3,0.712600636438859,0.6457394862898539,0.7712290832755108,0.28739936356114104,0.22877091672448924,0.3542605137101461
2050Q4,0.712600636438859,0.6439921569366376,0.7710686499104724,0.28739936356114104,0.22893135008952759,0.3560078430633624
